{
    "Response": {
        "ResponseInfo": {
            "UserName": "agent name",
            "CreationDate": "09-25-2013",
            "CreationTime": "12:15:54-04:00",
            "SourceInfoName": "tablet",
            "RequestorToken": "",
            "UserEmail": "test@gmail.com",
            "LastSyncDateTime": "09-25-2013 23:15:45"
        },
        "ResponsePayload": {
            "Transactions": [
                {
                    "Id": "",
                    "Key1": "291446",
                    "Key2": "ssoId",
                    "Key3": "",
                    "Key4": "",
                    "Key5": "",
                    "Key6": "",
                    "Key7": "",
                    "Key8": "",
                    "Key9": "",
                    "Key10": "",
                    "Key12" : "",
                    "Key13" : "",
                    "Key14" : "",
                    "Key15" : "",
                    "Key16" : "",
                    "Key17" : "",
                    "Key18" : "",
                    "Key19" : "",
                    "Key20" : "",
                    "Key21" : "",
                    "Key22" : "",
                    "Key23" : "",
                    "Key24" : "",
                    "Key25" : "",
                    "Key26" : "",
                    "Key27" : "",
                    "Key28" : "",
                    "Key29" : "",
                    "Key30" : "",
                    "Type": "MyGoals",
                    "TransTrackingID": "",
                    "TransactionData": {
                        "lastSavedDate": "13-06-2013",
                        "goal": [
                          
                               {
                                "month": "4",
                                "year": "2014",
                                "business": [
                                    {
                                        "noOfPolicies": "5",
                                        "myGoalsPremium": "10,000",
                                        "myCommissions": "8,000",
                                        "myGoalsEarnings": "12,000",
                                        "myOtherEarnings": "1,000",
                                        "commissionPercentage": "3",
                                        "myTotalEarnings": "25,000"
                                    }
                                ]
                            },
                            {
                                "month": "5",
                                "year": "2014",
                                "business": [
                                    {
                                        "noOfPolicies": "4",
                                        "myGoalsPremium": "10,000",
                                        "myCommissions": "8,000",
                                        "myGoalsEarnings": "12,000",
                                        "myOtherEarnings": "1,000",
                                        "commissionPercentage": "3",
                                        "myTotalEarnings": "25,000"
                                    }
                                ]
                            },
                            {
                                "month": "6",
                                "year": "2014",
                                "business": [
                                    {
                                        "noOfPolicies": "4",
                                        "myGoalsPremium": "10,000",
                                        "myCommissions": "8,000",
                                        "myGoalsEarnings": "12,000",
                                        "myOtherEarnings": "1,000",
                                        "commissionPercentage": "3",
                                        "myTotalEarnings": "25,000"
                                    }
                                ]
                            },
                            {
                                "month": "7",
                                "year": "2014",
                                "business": [
                                    {
                                        "noOfPolicies": "4",
                                        "myGoalsPremium": "10,000",
                                        "myCommissions": "1,200",
                                        "myGoalsEarnings": "12,000",
                                        "myOtherEarnings": "1,000",
                                        "commissionPercentage": "3",
                                        "myTotalEarnings": "25,000"
                                    }
                                ]
                            },
                            {
                                "month": "8",
                                "year": "2014",
                                "business": [
                                    {
                                        "noOfPolicies": "4",
                                        "myGoalsPremium": "10,000",
                                        "myCommissions": "",
                                        "myGoalsEarnings": "12,000",
                                        "myOtherEarnings": "1,000",
                                        "commissionPercentage": "3",
                                        "myTotalEarnings": "25,000"
                                    }
                                ]
                            },
                            {
                                "month": "9",
                                "year": "2014",
                                "business": [
                                    {
                                        "noOfPolicies": "",
                                        "myGoalsPremium": "",
                                        "myCommissions": "12,000",
                                        "myGoalsEarnings": "12,000",
                                        "myOtherEarnings": "",
                                        "commissionPercentage": "",
                                        "myTotalEarnings": "25,000"
                                    }
                                ]
                            }, {
                                "month": "10",
                                "year": "2014",
                                "business": [
                                    {
                                        "noOfPolicies": "",
                                        "myGoalsPremium": "",
                                        "myCommissions": "12,000",
                                        "myGoalsEarnings": "12,000",
                                        "myOtherEarnings": "",
                                        "commissionPercentage": "",
                                        "myTotalEarnings": "25,000"
                                    }
                                ]
                            }, {
                                "month": "11",
                                "year": "2014",
                                "business": [
                                    {
                                        "noOfPolicies": "",
                                        "myGoalsPremium": "",
                                        "myCommissions": "12,000",
                                        "myGoalsEarnings": "12,000",
                                        "myOtherEarnings": "",
                                        "commissionPercentage": "",
                                        "myTotalEarnings": "25,000"
                                    }
                                ]
                            }, {
                                "month": "12",
                                "year": "2014",
                                "business": [
                                    {
                                        "noOfPolicies": "",
                                        "myGoalsPremium": "",
                                        "myCommissions": "12,000",
                                        "myGoalsEarnings": "12,000",
                                        "myOtherEarnings": "",
                                        "commissionPercentage": "",
                                        "myTotalEarnings": "25,000"
                                    }
                                ]
                            }, {
                                "month": "1",
                                "year": "2015",
                                "business": [
                                    {
                                        "noOfPolicies": "",
                                        "myGoalsPremium": "",
                                        "myCommissions": "12,000",
                                        "myGoalsEarnings": "12,000",
                                        "myOtherEarnings": "",
                                        "commissionPercentage": "",
                                        "myTotalEarnings": "25,000"
                                    }
                                ]
                            }, {
                                "month": "2",
                                "year": "2015",
                                "business": [
                                    {
                                        "noOfPolicies": "",
                                        "myGoalsPremium": "",
                                        "myCommissions": "12,000",
                                        "myGoalsEarnings": "12,000",
                                        "myOtherEarnings": "",
                                        "commissionPercentage": "",
                                        "myTotalEarnings": "25,000"
                                    }
                                ]
                            }, {
                                "month": "3",
                                "year": "2015",
                                "business": [
                                    {
                                        "noOfPolicies": "",
                                        "myGoalsPremium": "",
                                        "myCommissions": "12,000",
                                        "myGoalsEarnings": "12,000",
                                        "myOtherEarnings": "",
                                        "commissionPercentage": "",
                                        "myTotalEarnings": "25,000"
                                    }
                                ]
                            }
                        ]
                    }
                }
            ]
        }
    }
}