{
  "Response": {
    "ResponseInfo": {
      "UserName": "agent name",
      "CreationDate": "09-25-2013",
      "CreationTime": "12:15:54-04:00",
      "SourceInfoName": "tablet",
      "RequestorToken": "",
      "UserEmail": "test@gmail.com",
      "LastSyncDate": "09-25-2013 23:15:45"
    },
    "ResponsePayload": {
      "Transactions": [
        {
          "Key1": "111441",
          "Key2": "",
          "Key3": "",
          "Key4": "",
          "Key5": "",
          "Key6": "",
          "Key7": "",
          "Key8": "",
          "Key9": "",
          "Key10": "FullDetails",
          "Type": "PolicyDetails",
          "TransTrackingID": "",
          "TransTrackingID": "",
          "TransactionData": [
            {
              "clientDetails": {
                "policyNumber": "252500517",
                "clientFirstName": "Mr. Deepak",
                "clientLastName": "Solanki",
                "clientId": "5003458997",
                "mobNo": [
                  "9871948042"
                ],
                "premiumAmount": "0.00",
                "premiumFrequency": "Annually",
                "productName": "LE Endowment Plan",
                "issueDate": "2014-06-28T00:00:00.000Z",
                "dueDate": "2015-06-28T00:00:00.000Z",
                "emailId": "",
                "phoneNo": [
                  ""
                ],
                "postalAddress": "S/O ASHOK KUMAR SOLANKI,VILL #RZ-37 A/C RAJ NAGAR,PT-I GALI NO 4,PALAM COLONY,New Delhi,Delhi,110045"
              },
              "policyDetails": {
                "policyNumber": "252500517",
                "dob": "1992-11-02T00:00:00.000Z",
                "issueDate": "2014-06-28T00:00:00.000Z",
                "basePlan": "LE Endowment Plan",
                "rider": [
                  ""
                ],
                "sumAssured": "90,825.00",
                "grossAmount": "8,501.22",
                "paymentMode": "Annually",
                "policyStatus": "Lapsed",
                "billingType": "Direct Bill",
                "ecsStatus": "None",
                "billingDrawDate": "0",
                "ctp": "8,899.99",
                "modalPremium": "0.00",
                "lifeAssuredName": "Mr. Deepak  Solanki",
                "paymentHistory": [
                  {
                    "locationCode": "ADL16",
                    "instrumentNumber": "062040",
                    "instrumentType": "DEMAND DRAFT",
                    "receiptDate": "2014-06-28T00:00:00.000Z",
                    "amount": "8,764.00",
                    "policyAmount": "8,764.00",
                    "dsNumber": "ADL161403AA437",
                    "bounceDate": "2014-06-29T00:00:00.000Z",
                    "clearanceDate": "2014-07-02T00:00:00.000Z",
                    "sentToIngenium": "Yes"
                  }
                ]
              }
            },
            {
              "clientDetails": {
                "policyNumber": "252500541",
                "clientFirstName": "Mr. Ashok",
                "clientLastName": "K Solanki",
                "clientId": "5003458679",
                "mobNo": [
                  "9871948042"
                ],
                "premiumAmount": "0.00",
                "premiumFrequency": "Annually",
                "productName": "LE Endowment Plan",
                "issueDate": "2014-06-28T00:00:00.000Z",
                "dueDate": "2015-06-28T00:00:00.000Z",
                "emailId": "",
                "phoneNo": [
                  ""
                ],
                "postalAddress": "S/O BUDHPAL SINGH RZ-37,A/C RAJ NAGAR PT 1,GALI NO 4 PALAM COLONY,.,NEW DELHI,Delhi,110045"
              },
              "policyDetails": {
                "policyNumber": "252500541",
                "dob": "1969-12-18T00:00:00.000Z",
                "issueDate": "2014-06-28T00:00:00.000Z",
                "basePlan": "LE Endowment Plan",
                "rider": [
                  ""
                ],
                "sumAssured": "87,912.00",
                "grossAmount": "8,501.09",
                "paymentMode": "Annually",
                "policyStatus": "Lapsed",
                "billingType": "Direct Bill",
                "ecsStatus": "None",
                "billingDrawDate": "0",
                "ctp": "8,899.86",
                "modalPremium": "0.00",
                "lifeAssuredName": "Mr. Ashok K Solanki",
                "paymentHistory": [
                  {
                    "locationCode": "ADL16",
                    "instrumentNumber": "766442",
                    "instrumentType": "CHEQUE",
                    "receiptDate": "2014-06-28T00:00:00.000Z",
                    "amount": "8,764.00",
                    "policyAmount": "8,764.00",
                    "dsNumber": "ADL161403AA438",
                    "bounceDate": "2014-06-29T00:00:00.000Z",
                    "clearanceDate": "2014-07-02T00:00:00.000Z",
                    "sentToIngenium": "Yes"
                  }
                ]
              }
            },
            {
              "clientDetails": {
                "policyNumber": "252500475",
                "clientFirstName": "Mrs. Kusum",
                "clientLastName": ".",
                "clientId": "5003458614",
                "mobNo": [
                  "9958608927"
                ],
                "premiumAmount": "8,500.93",
                "premiumFrequency": "Annually",
                "productName": "LE Savings Plan",
                "issueDate": "2014-06-28T00:00:00.000Z",
                "dueDate": "2016-06-28T00:00:00.000Z",
                "emailId": "",
                "phoneNo": [
                  ""
                ],
                "postalAddress": "W/O SANJAY SOLANKI VILL-C-341,SECTOR-36 GREATER NOIDA,.,.,GAUTAM BUDH NAGAR,Uttar Pradesh,201308"
              },
              "policyDetails": {
                "policyNumber": "252500475",
                "dob": "1977-01-01T00:00:00.000Z",
                "issueDate": "2014-06-28T00:00:00.000Z",
                "basePlan": "LE Savings Plan",
                "rider": [
                  ""
                ],
                "sumAssured": "89,748.00",
                "grossAmount": "8,500.93",
                "paymentMode": "Annually",
                "policyStatus": "Premium paying (regular)",
                "billingType": "Direct Bill",
                "ecsStatus": "None",
                "billingDrawDate": "0",
                "ctp": "0.00",
                "modalPremium": "8,500.93",
                "lifeAssuredName": "Mrs. Kusum  .",
                "paymentHistory": [
                  {
                    "locationCode": "ANOI3",
                    "instrumentNumber": "",
                    "instrumentType": "CASH",
                    "receiptDate": "2015-08-21T00:00:00.000Z",
                    "amount": "8,760.00",
                    "policyAmount": "8,760.00",
                    "dsNumber": "ANOI31505AA147",
                    "bounceDate": "2014-06-29T00:00:00.000Z",
                    "clearanceDate": "2015-08-24T00:00:00.000Z",
                    "sentToIngenium": "Yes"
                  },
                  {
                    "locationCode": "ADL16",
                    "instrumentNumber": "062041",
                    "instrumentType": "DEMAND DRAFT",
                    "receiptDate": "2014-06-28T00:00:00.000Z",
                    "amount": "8,764.00",
                    "policyAmount": "8,764.00",
                    "dsNumber": "ADL161403AA435",
                    "bounceDate": "2014-06-29T00:00:00.000Z",
                    "clearanceDate": "2014-07-02T00:00:00.000Z",
                    "sentToIngenium": "Yes"
                  }
                ]
              }
            },
            {
              "clientDetails": {
                "policyNumber": "252500558",
                "clientFirstName": "Mrs. Mamta",
                "clientLastName": "Solanki",
                "clientId": "5003458451",
                "mobNo": [
                  "8004379819"
                ],
                "premiumAmount": "0.00",
                "premiumFrequency": "Annually",
                "productName": "LE Savings Plan",
                "issueDate": "2014-06-28T00:00:00.000Z",
                "dueDate": "2015-06-28T00:00:00.000Z",
                "emailId": "",
                "phoneNo": [
                  ""
                ],
                "postalAddress": "W/O SUNIL KUMAR SOLANKI,VILL CHACHOI ROOP WASH,PACHGAIN SIKANDRABAD,.,BULANDSHAHR,Uttar Pradesh,203131"
              },
              "policyDetails": {
                "policyNumber": "252500558",
                "dob": "1989-08-05T00:00:00.000Z",
                "issueDate": "2014-06-28T00:00:00.000Z",
                "basePlan": "LE Savings Plan",
                "rider": [
                  ""
                ],
                "sumAssured": "90,769.00",
                "grossAmount": "8,501.42",
                "paymentMode": "Annually",
                "policyStatus": "Lapsed",
                "billingType": "Direct Bill",
                "ecsStatus": "None",
                "billingDrawDate": "0",
                "ctp": "8,900.19",
                "modalPremium": "0.00",
                "lifeAssuredName": "Mrs. Mamta  Solanki",
                "paymentHistory": [
                  {
                    "locationCode": "AHOM1",
                    "instrumentNumber": "62043",
                    "instrumentType": "CHEQUE",
                    "receiptDate": "2014-07-14T00:00:00.000Z",
                    "amount": "8,764.00",
                    "policyAmount": "8,764.00",
                    "dsNumber": "AHOM11404FL091",
                    "bounceDate": "2014-06-29T00:00:00.000Z",
                    "clearanceDate": "2014-07-05T00:00:00.000Z",
                    "sentToIngenium": "Yes"
                  },
                  {
                    "locationCode": "ADL16",
                    "instrumentNumber": "062043",
                    "instrumentType": "DEMAND DRAFT",
                    "receiptDate": "2014-06-28T00:00:00.000Z",
                    "amount": "8,764.00",
                    "policyAmount": "8,764.00",
                    "dsNumber": "ADL161403AA436",
                    "bounceDate": "2014-07-02T00:00:00.000Z",
                    "clearanceDate": "",
                    "sentToIngenium": "Yes"
                  }
                ]
              }
            },
            {
              "clientDetails": {
                "policyNumber": "252500525",
                "clientFirstName": "Mr. Sunil",
                "clientLastName": "K Solanki",
                "clientId": "5003459155",
                "mobNo": [
                  "8004379819"
                ],
                "premiumAmount": "0.00",
                "premiumFrequency": "Annually",
                "productName": "LE Savings Plan",
                "issueDate": "2014-06-28T00:00:00.000Z",
                "dueDate": "2015-06-28T00:00:00.000Z",
                "emailId": "",
                "phoneNo": [
                  ""
                ],
                "postalAddress": "S/O BUDHPAL SINGH VILL CHACHOI,ROOP WASH PACHGAIN SIKANDRABAD,.,.,BULANDSHAHR,Uttar Pradesh,203131"
              },
              "policyDetails": {
                "policyNumber": "252500525",
                "dob": "1981-07-01T00:00:00.000Z",
                "issueDate": "2014-06-28T00:00:00.000Z",
                "basePlan": "LE Savings Plan",
                "rider": [
                  ""
                ],
                "sumAssured": "90,379.00",
                "grossAmount": "8,501.05",
                "paymentMode": "Annually",
                "policyStatus": "Lapsed",
                "billingType": "Direct Bill",
                "ecsStatus": "None",
                "billingDrawDate": "0",
                "ctp": "8,899.82",
                "modalPremium": "0.00",
                "lifeAssuredName": "Mr. Sunil K Solanki",
                "paymentHistory": [
                  {
                    "locationCode": "ADL16",
                    "instrumentNumber": "062042",
                    "instrumentType": "DEMAND DRAFT",
                    "receiptDate": "2014-06-28T00:00:00.000Z",
                    "amount": "8,764.00",
                    "policyAmount": "8,764.00",
                    "dsNumber": "ADL161403AA434",
                    "bounceDate": "2014-06-29T00:00:00.000Z",
                    "clearanceDate": "2014-07-02T00:00:00.000Z",
                    "sentToIngenium": "Yes"
                  }
                ]
              }
            },
            {
              "clientDetails": {
                "policyNumber": "209196211",
                "clientFirstName": "Mrs. Ruchika",
                "clientLastName": "Gupta",
                "clientId": "5003462345",
                "mobNo": [
                  "9910049605"
                ],
                "premiumAmount": "0.00",
                "premiumFrequency": "Annually",
                "productName": "LE Savings Plan",
                "issueDate": "2014-06-29T00:00:00.000Z",
                "dueDate": "2014-06-29T00:00:00.000Z",
                "emailId": "RUCHU_IN@YAHOO.COM",
                "phoneNo": [
                  ""
                ],
                "postalAddress": "24/5 MAIN ROAD 3RD FLOOR,.,SHAKTI NAGAR MALKA GANJ,DELHI,NORTH DELHI,Delhi,110007"
              },
              "policyDetails": {
                "policyNumber": "209196211",
                "dob": "1975-09-15T00:00:00.000Z",
                "issueDate": "2014-06-29T00:00:00.000Z",
                "basePlan": "LE Savings Plan",
                "rider": [
                  ""
                ],
                "sumAssured": "2,90,055.00",
                "grossAmount": "40,741.13",
                "paymentMode": "Annually",
                "policyStatus": "Not taken",
                "billingType": "Direct Bill",
                "ecsStatus": "None",
                "billingDrawDate": "0",
                "ctp": "0.00",
                "modalPremium": "0.00",
                "lifeAssuredName": "Mrs. Ruchika  Gupta",
                "paymentHistory": [
                  {
                    "locationCode": "ADL16",
                    "instrumentNumber": "295790",
                    "instrumentType": "CHEQUE",
                    "receiptDate": "2014-06-29T00:00:00.000Z",
                    "amount": "42,000.00",
                    "policyAmount": "42,000.00",
                    "dsNumber": "ADL161403AA447",
                    "bounceDate": "2014-06-29T00:00:00.000Z",
                    "clearanceDate": "2014-06-30T00:00:00.000Z",
                    "sentToIngenium": "Yes"
                  }
                ]
              }
            },
            {
              "clientDetails": {
                "policyNumber": "259141760",
                "clientFirstName": "Mrs. Stuti",
                "clientLastName": "Sharma",
                "clientId": "0004085243",
                "mobNo": [
                  "9911110726"
                ],
                "premiumAmount": "0.00",
                "premiumFrequency": "Annually",
                "productName": "LE Savings Plan",
                "issueDate": "2014-06-29T00:00:00.000Z",
                "dueDate": "2014-06-29T00:00:00.000Z",
                "emailId": "STUTIKAPOOR.G15@GMAIL.COM",
                "phoneNo": [
                  "011-29237455"
                ],
                "postalAddress": "68-C MIG FLATS,RAJOURI GARDEN,.,.,NEW DELHI,Delhi,110027"
              },
              "policyDetails": {
                "policyNumber": "259141760",
                "dob": "1985-08-11T00:00:00.000Z",
                "issueDate": "2014-06-29T00:00:00.000Z",
                "basePlan": "LE Whole Life Plan",
                "rider": [
                  ""
                ],
                "sumAssured": "5,86,830.00",
                "grossAmount": "48,501.50",
                "paymentMode": "Annually",
                "policyStatus": "Not taken",
                "billingType": "Direct Bill",
                "ecsStatus": "None",
                "billingDrawDate": "0",
                "ctp": "0.00",
                "modalPremium": "0.00",
                "lifeAssuredName": "Mrs. Stuti  Sharma",
                "paymentHistory": [
                  {
                    "locationCode": "ADL16",
                    "instrumentNumber": "064131",
                    "instrumentType": "CHEQUE",
                    "receiptDate": "2014-06-29T00:00:00.000Z",
                    "amount": "50,000.00",
                    "policyAmount": "50,000.00",
                    "dsNumber": "ADL161403AA448",
                    "bounceDate": "2014-06-29T00:00:00.000Z",
                    "clearanceDate": "2014-07-02T00:00:00.000Z",
                    "sentToIngenium": "Yes"
                  }
                ]
              }
            },
            {
              "clientDetails": {
                "policyNumber": "209196351",
                "clientFirstName": "Mr. Kamaljeet",
                "clientLastName": "S Ahluwalia",
                "clientId": "0004054933",
                "mobNo": [
                  "9810092814"
                ],
                "premiumAmount": "4,85,011.84",
                "premiumFrequency": "Annually",
                "productName": "LE Whole Life Plan",
                "issueDate": "2014-06-30T00:00:00.000Z",
                "dueDate": "",
                "emailId": "KREISHNA@KJSGROUP.IN",
                "phoneNo": [
                  "011-29229772"
                ],
                "postalAddress": "A 7 MAHARANI BAGH,.,.,.,New Delhi,Delhi,110065"
              },
              "policyDetails": {
                "policyNumber": "209196351",
                "dob": "1981-09-18T00:00:00.000Z",
                "issueDate": "2014-06-30T00:00:00.000Z",
                "basePlan": "LE Whole Life Plan",
                "rider": [
                  ""
                ],
                "sumAssured": "58,50,565.00",
                "grossAmount": "4,85,011.84",
                "paymentMode": "Annually",
                "policyStatus": "Rejected",
                "billingType": "Direct Bill",
                "ecsStatus": "None",
                "billingDrawDate": "0",
                "ctp": "0.00",
                "modalPremium": "4,85,011.84",
                "lifeAssuredName": "Mrs. Himangini  Singh",
                "paymentHistory": [
                  {
                    "locationCode": "ADL16",
                    "instrumentNumber": "067990",
                    "instrumentType": "CHEQUE",
                    "receiptDate": "2014-06-30T00:00:00.000Z",
                    "amount": "10,00,000.00",
                    "policyAmount": "5,00,000.00",
                    "dsNumber": "ADL161403AA458",
                    "bounceDate": "2014-06-29T00:00:00.000Z",
                    "clearanceDate": "2014-07-03T00:00:00.000Z",
                    "sentToIngenium": "Yes"
                  }
                ]
              }
            },
            {
              "clientDetails": {
                "policyNumber": "259169233",
                "clientFirstName": "Mr. Kamaljeet",
                "clientLastName": "S Ahluwalia",
                "clientId": "0004054933",
                "mobNo": [
                  "9810092814"
                ],
                "premiumAmount": "4,85,011.84",
                "premiumFrequency": "Annually",
                "productName": "LE Whole Life Plan",
                "issueDate": "2014-06-30T00:00:00.000Z",
                "dueDate": "2016-06-30T00:00:00.000Z",
                "emailId": "KREISHNA@KJSGROUP.IN",
                "phoneNo": [
                  "011-29229772"
                ],
                "postalAddress": "A 7 MAHARANI BAGH,.,.,.,New Delhi,Delhi,110065"
              },
              "policyDetails": {
                "policyNumber": "259169233",
                "dob": "1981-09-18T00:00:00.000Z",
                "issueDate": "2014-06-30T00:00:00.000Z",
                "basePlan": "LE Whole Life Plan",
                "rider": [
                  ""
                ],
                "sumAssured": "58,50,565.00",
                "grossAmount": "4,85,011.84",
                "paymentMode": "Annually",
                "policyStatus": "Premium paying (regular)",
                "billingType": "Direct Bill",
                "ecsStatus": "None",
                "billingDrawDate": "0",
                "ctp": "0.00",
                "modalPremium": "4,85,011.84",
                "lifeAssuredName": "Mrs. Himangini  Singh",
                "paymentHistory": [
                  {
                    "locationCode": "ADL26",
                    "instrumentNumber": "098155",
                    "instrumentType": "CHEQUE",
                    "receiptDate": "2015-07-14T00:00:00.000Z",
                    "amount": "4,93,500.00",
                    "policyAmount": "4,93,500.00",
                    "dsNumber": "ADL261504AA050",
                    "bounceDate": "2014-06-29T00:00:00.000Z",
                    "clearanceDate": "2015-07-17T00:00:00.000Z",
                    "sentToIngenium": "Yes"
                  }
                ]
              }
            },
            {
              "clientDetails": {
                "policyNumber": "250390077",
                "clientFirstName": "Mr. Arvinder Pal",
                "clientLastName": "S Bhalla",
                "clientId": "1193081",
                "mobNo": [
                  "9718999449"
                ],
                "premiumAmount": "22,800.00",
                "premiumFrequency": "Annually",
                "productName": "LE Whole Life Plan",
                "issueDate": "2014-06-30T00:00:00.000Z",
                "dueDate": "",
                "emailId": "APSBHALLA@YAHOO.COM",
                "phoneNo": [
                  ""
                ],
                "postalAddress": "flat no D2-204,EXOTICA golf course ROAD,SEC-53,.,GURGAON,Haryana,122001"
              },
              "policyDetails": {
                "policyNumber": "250390077",
                "dob": "1964-03-18T00:00:00.000Z",
                "issueDate": "2014-06-30T00:00:00.000Z",
                "basePlan": "LE Pension Plan",
                "rider": [
                  ""
                ],
                "sumAssured": "30,00,000.00",
                "grossAmount": "22,800.00",
                "paymentMode": "Annually",
                "policyStatus": "Rejected",
                "billingType": "Direct Bill",
                "ecsStatus": "None",
                "billingDrawDate": "0",
                "ctp": "0.00",
                "modalPremium": "22,800.00",
                "lifeAssuredName": "Mr. Arvinder Pal S Bhalla",
                "paymentHistory": [
                  {
                    "locationCode": "ADL16",
                    "instrumentNumber": "020954",
                    "instrumentType": "CHEQUE",
                    "receiptDate": "2014-06-30T00:00:00.000Z",
                    "amount": "26,265.00",
                    "policyAmount": "26,265.00",
                    "dsNumber": "ADL161403AA472",
                    "bounceDate": "2014-06-29T00:00:00.000Z",
                    "clearanceDate": "2014-07-01T00:00:00.000Z",
                    "sentToIngenium": "Yes"
                  }
                ]
              }
            },
            {
              "clientDetails": {
                "policyNumber": "209196294",
                "clientFirstName": "Mr. Kamaljeet",
                "clientLastName": "S Ahluwalia",
                "clientId": "0004054933",
                "mobNo": [
                  "9810092814"
                ],
                "premiumAmount": "4,85,012.15",
                "premiumFrequency": "Annually",
                "productName": "LE Pension Plan",
                "issueDate": "2014-06-30T00:00:00.000Z",
                "dueDate": "",
                "emailId": "KREISHNA@KJSGROUP.IN",
                "phoneNo": [
                  "011-29229772"
                ],
                "postalAddress": "A 7 MAHARANI BAGH,.,.,.,New Delhi,Delhi,110065"
              },
              "policyDetails": {
                "policyNumber": "209196294",
                "dob": "1981-09-18T00:00:00.000Z",
                "issueDate": "2014-06-30T00:00:00.000Z",
                "basePlan": "LE Pension Plan",
                "rider": [
                  ""
                ],
                "sumAssured": "69,17,874.00",
                "grossAmount": "4,85,012.15",
                "paymentMode": "Annually",
                "policyStatus": "Rejected",
                "billingType": "Direct Bill",
                "ecsStatus": "None",
                "billingDrawDate": "0",
                "ctp": "0.00",
                "modalPremium": "4,85,012.15",
                "lifeAssuredName": "Mrs. Himangini  Singh",
                "paymentHistory": [
                  {
                    "locationCode": "ADL16",
                    "instrumentNumber": "067990",
                    "instrumentType": "CHEQUE",
                    "receiptDate": "2014-06-30T00:00:00.000Z",
                    "amount": "10,00,000.00",
                    "policyAmount": "5,00,000.00",
                    "dsNumber": "ADL161403AA458",
                    "bounceDate": "2014-06-29T00:00:00.000Z",
                    "clearanceDate": "2014-07-03T00:00:00.000Z",
                    "sentToIngenium": "Yes"
                  }
                ]
              }
            },
            {
              "clientDetails": {
                "policyNumber": "259169142",
                "clientFirstName": "Mr. Kamaljeet",
                "clientLastName": "S Ahluwalia",
                "clientId": "0004054933",
                "mobNo": [
                  "9810092814"
                ],
                "premiumAmount": "4,85,013.43",
                "premiumFrequency": "Annually",
                "productName": "LE Pension Plan",
                "issueDate": "2014-07-15T00:00:00.000Z",
                "dueDate": "2016-07-15T00:00:00.000Z",
                "emailId": "KREISHNA@KJSGROUP.IN",
                "phoneNo": [
                  "011-29229772"
                ],
                "postalAddress": "A 7 MAHARANI BAGH,.,.,.,New Delhi,Delhi,110065"
              },
              "policyDetails": {
                "policyNumber": "259169142",
                "dob": "1981-09-18T00:00:00.000Z",
                "issueDate": "2014-07-15T00:00:00.000Z",
                "basePlan": "LE Whole Life Plan",
                "rider": [
                  ""
                ],
                "sumAssured": "40,14,015.00",
                "grossAmount": "4,85,013.43",
                "paymentMode": "Annually",
                "policyStatus": "Premium paying (regular)",
                "billingType": "Direct Bill",
                "ecsStatus": "None",
                "billingDrawDate": "0",
                "ctp": "0.00",
                "modalPremium": "4,85,013.43",
                "lifeAssuredName": "Mrs. Himangini  Singh",
                "paymentHistory": [
                  {
                    "locationCode": "ADL16",
                    "instrumentNumber": "002623",
                    "instrumentType": "CHEQUE",
                    "receiptDate": "2015-07-29T00:00:00.000Z",
                    "amount": "4,93,501.00",
                    "policyAmount": "4,93,501.00",
                    "dsNumber": "ADL161504AA368",
                    "bounceDate": "2014-06-29T00:00:00.000Z",
                    "clearanceDate": "2015-08-01T00:00:00.000Z",
                    "sentToIngenium": "Yes"
                  }
                ]
              }
            },
            {
              "clientDetails": {
                "policyNumber": "703211672",
                "clientFirstName": "Mr. Nikhil",
                "clientLastName": "Sharma",
                "clientId": "0001165425",
                "mobNo": [
                  "9810778399"
                ],
                "premiumAmount": "25,000.00",
                "premiumFrequency": "Annually",
                "productName": "LE Whole Life Plan",
                "issueDate": "2014-07-31T00:00:00.000Z",
                "dueDate": "2016-07-31T00:00:00.000Z",
                "emailId": "NIKHIL.SHARMA@INSURANCE.COM",
                "phoneNo": [
                  ""
                ],
                "postalAddress": "68-C MIG FLATS,RAJOURI GARDEN,.,.,NEW DELHI,Delhi,110027"
              },
              "policyDetails": {
                "policyNumber": "703211672",
                "dob": "1985-08-11T00:00:00.000Z",
                "issueDate": "2014-07-31T00:00:00.000Z",
                "basePlan": "LE Whole Life Plan",
                "rider": [
                  ""
                ],
                "sumAssured": "2,50,000.00",
                "grossAmount": "25,000.00",
                "paymentMode": "Annually",
                "policyStatus": "Premium paying (regular)",
                "billingType": "Two-stage autopay",
                "ecsStatus": "Registered",
                "billingDrawDate": "1",
                "ctp": "0.00",
                "modalPremium": "25,000.00",
                "lifeAssuredName": "Mrs. Stuti  Sharma",
                "paymentHistory": [
                  {
                    "locationCode": "ADEL3",
                    "instrumentNumber": "",
                    "instrumentType": "CASH",
                    "receiptDate": "2014-07-31T00:00:00.000Z",
                    "amount": "25,000.00",
                    "policyAmount": "25,000.00",
                    "dsNumber": "ADEL31404AB434",
                    "bounceDate": "2014-06-29T00:00:00.000Z",
                    "clearanceDate": "2014-08-01T00:00:00.000Z",
                    "sentToIngenium": "Yes"
                  },
                  {
                    "locationCode": "AHOM1",
                    "instrumentNumber": "13286442",
                    "instrumentType": "Direct Debit Ub Reference No",
                    "receiptDate": "2015-06-24T00:00:00.000Z",
                    "amount": "25,000.00",
                    "policyAmount": "25,000.00",
                    "dsNumber": "AHOM11503IQ469",
                    "bounceDate": "2014-06-29T00:00:00.000Z",
                    "clearanceDate": "2015-07-04T00:00:00.000Z",
                    "sentToIngenium": "Yes"
                  }
                ]
              }
            },
            {
              "clientDetails": {
                "policyNumber": "703241471",
                "clientFirstName": "Mrs. Ruchika",
                "clientLastName": "Gupta",
                "clientId": "5003462345",
                "mobNo": [
                  "9910049605"
                ],
                "premiumAmount": "4,166.67",
                "premiumFrequency": "Monthly",
                "productName": "LE Savings Plan",
                "issueDate": "2014-08-04T00:00:00.000Z",
                "dueDate": "2015-12-04T00:00:00.000Z",
                "emailId": "RUCHU_IN@YAHOO.COM",
                "phoneNo": [
                  ""
                ],
                "postalAddress": "24/5 MAIN ROAD 3RD FLOOR,.,SHAKTI NAGAR MALKA GANJ,DELHI,NORTH DELHI,Delhi,110007"
              },
              "policyDetails": {
                "policyNumber": "703241471",
                "dob": "1975-09-15T00:00:00.000Z",
                "issueDate": "2014-08-04T00:00:00.000Z",
                "basePlan": "LE Savings Plan",
                "rider": [
                  ""
                ],
                "sumAssured": "5,00,000.00",
                "grossAmount": "50,000.00",
                "paymentMode": "Monthly",
                "policyStatus": "Premium paying (regular)",
                "billingType": "Two-stage autopay",
                "ecsStatus": "Registered",
                "billingDrawDate": "1",
                "ctp": "4,166.67",
                "modalPremium": "4,166.67",
                "lifeAssuredName": "Mrs. Ruchika  Gupta",
                "paymentHistory": [
                  {
                    "locationCode": "AHOM1",
                    "instrumentNumber": "13893702",
                    "instrumentType": "Direct Debit Hs Reference No",
                    "receiptDate": "2015-09-23T00:00:00.000Z",
                    "amount": "4,166.67",
                    "policyAmount": "4,166.67",
                    "dsNumber": "AHOM11506IM972",
                    "bounceDate": "2014-06-29T00:00:00.000Z",
                    "clearanceDate": "2015-10-01T00:00:00.000Z",
                    "sentToIngenium": "Yes"
                  },
                  {
                    "locationCode": "AHOM1",
                    "instrumentNumber": "13886518",
                    "instrumentType": "Direct Debit Hs Reference No",
                    "receiptDate": "2015-09-23T00:00:00.000Z",
                    "amount": "4,166.67",
                    "policyAmount": "4,166.67",
                    "dsNumber": "",
                    "bounceDate": "2014-06-29T00:00:00.000Z",
                    "clearanceDate": "",
                    "sentToIngenium": "No"
                  },
                  {
                    "locationCode": "AHOM1",
                    "instrumentNumber": "14089480",
                    "instrumentType": "Direct Debit Hs Reference No",
                    "receiptDate": "2015-10-23T00:00:00.000Z",
                    "amount": "4,166.67",
                    "policyAmount": "4,166.67",
                    "dsNumber": "AHOM11507FI999",
                    "bounceDate": "2014-06-29T00:00:00.000Z",
                    "clearanceDate": "2015-11-02T00:00:00.000Z",
                    "sentToIngenium": "Yes"
                  },
                  {
                    "locationCode": "AHOM1",
                    "instrumentNumber": "13680155",
                    "instrumentType": "Direct Debit Hs Reference No",
                    "receiptDate": "2015-08-24T00:00:00.000Z",
                    "amount": "4,166.67",
                    "policyAmount": "4,166.67",
                    "dsNumber": "AHOM11505IT831",
                    "bounceDate": "2014-06-29T00:00:00.000Z",
                    "clearanceDate": "2015-09-02T00:00:00.000Z",
                    "sentToIngenium": "Yes"
                  },
                  {
                    "locationCode": "AHOM1",
                    "instrumentNumber": "11523675",
                    "instrumentType": "Direct Debit Hs Reference No",
                    "receiptDate": "2014-09-23T00:00:00.000Z",
                    "amount": "4,166.67",
                    "policyAmount": "4,166.67",
                    "dsNumber": "AHOM11406IH902",
                    "bounceDate": "2014-06-29T00:00:00.000Z",
                    "clearanceDate": "2014-10-01T00:00:00.000Z",
                    "sentToIngenium": "Yes"
                  },
                  {
                    "locationCode": "AHOM1",
                    "instrumentNumber": "11888526",
                    "instrumentType": "Direct Debit Hs Reference No",
                    "receiptDate": "2014-11-24T00:00:00.000Z",
                    "amount": "4,166.67",
                    "policyAmount": "4,166.67",
                    "dsNumber": "AHOM11408HW704",
                    "bounceDate": "2014-06-29T00:00:00.000Z",
                    "clearanceDate": "2014-12-01T00:00:00.000Z",
                    "sentToIngenium": "Yes"
                  },
                  {
                    "locationCode": "AHOM1",
                    "instrumentNumber": "11714952",
                    "instrumentType": "Direct Debit Hs Reference No",
                    "receiptDate": "2014-10-22T00:00:00.000Z",
                    "amount": "4,166.67",
                    "policyAmount": "4,166.67",
                    "dsNumber": "AHOM11407ID908",
                    "bounceDate": "2014-06-29T00:00:00.000Z",
                    "clearanceDate": "2014-11-01T00:00:00.000Z",
                    "sentToIngenium": "Yes"
                  },
                  {
                    "locationCode": "AHOM1",
                    "instrumentNumber": "12933265",
                    "instrumentType": "Direct Debit Hs Reference No",
                    "receiptDate": "2015-04-24T00:00:00.000Z",
                    "amount": "4,166.67",
                    "policyAmount": "4,166.67",
                    "dsNumber": "AHOM11501FM207",
                    "bounceDate": "2014-06-29T00:00:00.000Z",
                    "clearanceDate": "2015-05-02T00:00:00.000Z",
                    "sentToIngenium": "No"
                  },
                  {
                    "locationCode": "AHOM1",
                    "instrumentNumber": "13112373",
                    "instrumentType": "Direct Debit Hs Reference No",
                    "receiptDate": "2015-05-25T00:00:00.000Z",
                    "amount": "4,166.67",
                    "policyAmount": "4,166.67",
                    "dsNumber": "AHOM11502HI202",
                    "bounceDate": "2014-06-29T00:00:00.000Z",
                    "clearanceDate": "2015-06-02T00:00:00.000Z",
                    "sentToIngenium": "Yes"
                  },
                  {
                    "locationCode": "AHOM1",
                    "instrumentNumber": "12281543",
                    "instrumentType": "Direct Debit Hs Reference No",
                    "receiptDate": "2015-01-23T00:00:00.000Z",
                    "amount": "4,166.67",
                    "policyAmount": "4,166.67",
                    "dsNumber": "AHOM11410FM946",
                    "bounceDate": "2014-06-29T00:00:00.000Z",
                    "clearanceDate": "2015-02-02T00:00:00.000Z",
                    "sentToIngenium": "Yes"
                  },
                  {
                    "locationCode": "AHOM1",
                    "instrumentNumber": "12478729",
                    "instrumentType": "Direct Debit Hs Reference No",
                    "receiptDate": "2015-02-25T00:00:00.000Z",
                    "amount": "4,166.67",
                    "policyAmount": "4,166.67",
                    "dsNumber": "AHOM11411IX299",
                    "bounceDate": "2014-06-29T00:00:00.000Z",
                    "clearanceDate": "2015-03-02T00:00:00.000Z",
                    "sentToIngenium": "Yes"
                  },
                  {
                    "locationCode": "AHOM1",
                    "instrumentNumber": "12082177",
                    "instrumentType": "Direct Debit Hs Reference No",
                    "receiptDate": "2014-12-23T00:00:00.000Z",
                    "amount": "4,166.67",
                    "policyAmount": "4,166.67",
                    "dsNumber": "AHOM11409IU415",
                    "bounceDate": "2014-06-29T00:00:00.000Z",
                    "clearanceDate": "2015-01-05T00:00:00.000Z",
                    "sentToIngenium": "Yes"
                  },
                  {
                    "locationCode": "AHOM1",
                    "instrumentNumber": "12726638",
                    "instrumentType": "Direct Debit Hs Reference No",
                    "receiptDate": "2015-03-25T00:00:00.000Z",
                    "amount": "4,166.67",
                    "policyAmount": "4,166.67",
                    "dsNumber": "AHOM11412LW546",
                    "bounceDate": "2014-06-29T00:00:00.000Z",
                    "clearanceDate": "2015-04-06T00:00:00.000Z",
                    "sentToIngenium": "Yes"
                  },
                  {
                    "locationCode": "AHOM1",
                    "instrumentNumber": "13295723",
                    "instrumentType": "Direct Debit Hs Reference No",
                    "receiptDate": "2015-06-24T00:00:00.000Z",
                    "amount": "4,166.67",
                    "policyAmount": "4,166.67",
                    "dsNumber": "AHOM11503IG881",
                    "bounceDate": "2014-06-29T00:00:00.000Z",
                    "clearanceDate": "2015-07-06T00:00:00.000Z",
                    "sentToIngenium": "Yes"
                  },
                  {
                    "locationCode": "AHOM1",
                    "instrumentNumber": "13488901",
                    "instrumentType": "Direct Debit Hs Reference No",
                    "receiptDate": "2015-07-24T00:00:00.000Z",
                    "amount": "4,166.67",
                    "policyAmount": "4,166.67",
                    "dsNumber": "AHOM11504II025",
                    "bounceDate": "2014-06-29T00:00:00.000Z",
                    "clearanceDate": "2015-08-01T00:00:00.000Z",
                    "sentToIngenium": "No"
                  },
                  {
                    "locationCode": "AHOM1",
                    "instrumentNumber": "14279064",
                    "instrumentType": "Direct Debit Hs Reference No",
                    "receiptDate": "2015-11-24T00:00:00.000Z",
                    "amount": "4,166.67",
                    "policyAmount": "4,166.67",
                    "dsNumber": "AHOM11508IC629",
                    "bounceDate": "2014-06-29T00:00:00.000Z",
                    "clearanceDate": "2015-12-01T00:00:00.000Z",
                    "sentToIngenium": "Yes"
                  }
                ]
              }
            }
          ]
        }
      ]
    }
  }
}