{
   "Response":{
      "ResponseInfo":{
         "UserName":"agent name",
         "CreationDate":"09-25-2013",
         "CreationTime":"12:15:54-04:00",
         "SourceInfoName":"tablet",
         "RequestorToken":"",
         "UserEmail":"test@gmail.com",
         "LastSyncDateTime":"09-25-2013 23:15:45"
      },
      "ResponsePayload":{
         "Transactions":[
            {
               "Id":"",
               "Key1":"agentId",
               "Key2":"ssoId",
               "Key3":"",
               "Key4":"",
               "Key5":"",
               "Key6":"",
               "Key7":"",
               "Key8":"",
               "Key9":"",
               "Key10":"",
                "Key12" : "",
                    "Key13" : "",
                    "Key14" : "",
                    "Key15" : "",
                    "Key16" : "",
                    "Key17" : "",
                    "Key18" : "",
                    "Key19" : "",
                    "Key20" : "",
                    "Key21" : "",
                    "Key22" : "",
                    "Key23" : "",
                    "Key24" : "",
                    "Key25" : "",
                    "Key26" : "",
                    "Key27" : "",
                    "Key28" : "",
                    "Key29" : "",
                    "Key30" : "",
               "Type":"Proposal Status",
               "TransTrackingID":"",
               "TransactionData":[
				{"key":"ps223","value":"In Progress"},
				{"key":"ps344","value":"Issued"},
				{"key":"ps345","value":"Other"}
								 
			   ]
            }
         ]
      }
   }
}