{
   "Response":{
      "ResponseInfo":{
         "UserName":"agent name",
         "CreationDate":"09-25-2013",
         "CreationTime":"12:15:54-04:00",
         "SourceInfoName":"tablet",
         "RequestorToken":"",
         "UserEmail":"test@gmail.com",
         "LastSyncDateTime":"09-25-2013 23:15:45"
      },
      "ResponsePayload":{
         "Transactions":[
            {
               "Id":"",
               "Key1":"agentId",
               "Key2":"ssoId",
               "Key3":"",
               "Key4":"",
               "Key5":"",
               "Key6":"",
               "Key7":"",
               "Key8":"",
               "Key9":"",
               "Key10":"",
               "Type":"Product Name",
               "TransTrackingID":"",
               "TransactionData":[
								{"key":"1233","value":"LE Savings Plan"},
								{"key":"1232","value":"LE Endowment Plan"},
								{"key":"1334","value":"LE Whole Life Plan"},
								{"key":"2444","value":"LE Pension Plan"}
			   ]
            }
         ]
      }
   }
}