{
    "Request": {
        "RequestInfo": {
            "UserName": "Agent Name",
            "CreationDate": "30-08-2013",
            "CreationTime": "12:15:54-04:00",
            "SourceInfoName": "tablet",
            "RequestorToken": "",
            "UserEmail": "test@gmail.com",
            "LastSyncDate": "09-01-2013"
        },
        "RequestPayload": {
            "Transactions": [
                {
					"Id":"",
                    "Key1": "291446",
                    "Key2": "",
                    "Key3": "",
                    "Key4": "",
                    "Key5": "",
                    "Key6": "",
                    "Key7": "",
                    "Key8": "",
                    "Key9": "",
                    "Key10": "AllDetails",
                    "Key12" : "",
                    "Key13" : "",
                    "Key14" : "",
                    "Key15" : "",
                    "Key16" : "",
                    "Key17" : "",
                    "Key18" : "",
                    "Key19" : "",
                    "Key20" : "",
                    "Key21" : "",
                    "Key22" : "",
                    "Key23" : "",
                    "Key24" : "",
                    "Key25" : "",
                    "Key26" : "",
                    "Key27" : "",
                    "Key28" : "",
                    "Key29" : "",
                    "Key30" : "",
                    "Type": "MyGoals",
                    "TransTrackingID": "",
					"TransactionData":{
					"goal":[
                           {
                              "month":"1",
                              "year":"2014",
                              "business":[
                                 {
									"noOfPolicies":"4",
                                    "myGoalsPremium":"10,000",
                                    "myBusiness":"8000",
                                    "myGoalsEarnings":"12,000",
                                    "myEarnings":"1000",
									"commissionPercentage":"3"
                                 }
                              ]
                           },
                           {
                              "month":"2",
                              "year":"2014",
                              "business":[
                                 {
                                    "noOfPolicies":"4",
                                    "myGoalsPremium":"10,000",
                                    "myBusiness":"8000",
                                    "myGoalsEarnings":"12,000",
                                    "myEarnings":"1000",
									"commissionPercentage":"3"
                                 }
                              ]
                           },
                           {
                              "month":"3",
                              "year":"2014",
                              "business":[
                                 {
                                   "noOfPolicies":"8",
                                    "myGoalsPremium":"10,000",
                                    "myBusiness":"8000",
                                    "myGoalsEarnings":"12,000",
                                    "myEarnings":"1000",
									"commissionPercentage":"3"
                                 }
                              ]
                           },
                           {
                              "month":"4",
                              "year":"2014",
                              "business":[
                                 {
                                    "noOfPolicies":"2",
                                    "myGoalsPremium":"10,000",
                                    "myBusiness":"8000",
                                    "myGoalsEarnings":"12,000",
                                    "myEarnings":"1000",
									"commissionPercentage":"3"
                                 }
                              ]
                           },
                           {
                              "month":"5",
                              "year":"2014",
                              "business":[
                                 {
                                   "noOfPolicies":"7",
                                    "myGoalsPremium":"12,000",
                                    "myBusiness":"8000",
                                    "myGoalsEarnings":"12,000",
                                    "myEarnings":"1000",
									"commissionPercentage":"3"
                                 }
                              ]
                           },
                           {
                              "month":"6",
                              "year":"2014",
                              "business":[
                                 {
                                    "noOfPolicies":"5",
                                    "myGoalsPremium":"15,000",
                                    "myBusiness":"8000",
                                    "myGoalsEarnings":"12,000",
                                    "myEarnings":"1000",
									"commissionPercentage":"3"
                                 }
                              ]
                           }
                        ]
					
					}
                }
            ]
        }
    }
}