{
  "Response": {
    "ResponseInfo": {
      "UserName": "agent name",
      "CreationDate": "09-25-2013",
      "CreationTime": "12:15:54-04:00",
      "SourceInfoName": "tablet",
      "RequestorToken": "",
      "UserEmail": "test@gmail.com",
      "LastSyncDate": "09-25-2013 23:15:45"
    },
    "ResponsePayload": {
      "Transactions": [
        {
          "Key1": "291446",
          "Key2": "",
          "Key3": "",
          "Key4": "",
          "Key5": "",
          "Key6": "",
          "Key7": "",
          "Key8": "",
          "Key9": "",
          "Key10": "FullDetails",
          "Type": "MyEarnings",
          "TransTrackingID": "",
          "TransactionData": {
            "myEarningsByType": [
              {
                "type": "ACSStatements",
                "data": [
                  {
                    "disbursementDate": "2014-01-15T00:00:00.000Z",
                    "description": "First Fornight ACS for January 2014",
                    "acsDocServiceUrl": "https://demo-lifeengage.cognizant.com/media/CognizantTechnologySolutions.pdf"
                  },
                  {
                    "disbursementDate": "2015-11-30T00:00:00.000Z",
                    "description": "Second Fornight ACS for November 2015",
                    "acsDocServiceUrl": "https://demo-lifeengage.cognizant.com/media/CognizantTechnologySolutions.pdf"
                  },
                  {
                    "disbursementDate": "2015-12-15T00:00:00.000Z",
                    "description": "First Fornight ACS for December 2015",
                    "acsDocServiceUrl": "https://demo-lifeengage.cognizant.com/media/CognizantTechnologySolutions.pdf"
                  },
                  {
                    "disbursementDate": "2015-12-30T00:00:00.000Z",
                    "description": "Second Fornight ACS for December 2015",
                    "acsDocServiceUrl": "https://demo-lifeengage.cognizant.com/media/CognizantTechnologySolutions.pdf"
                  },
                  {
                    "disbursementDate": "2016-01-15T00:00:00.000Z",
                    "description": "First Fornight ACS for January 2016",
                    "acsDocServiceUrl": "https://demo-lifeengage.cognizant.com/media/CognizantTechnologySolutions.pdf"
                  },
                  {
                    "disbursementDate": "2016-01-30T00:00:00.000Z",
                    "description": "Second Fornight ACS for January 2016",
                    "acsDocServiceUrl": "https://demo-lifeengage.cognizant.com/media/CognizantTechnologySolutions.pdf"
                  }
                ]
              }
            ]
          }
        }
      ]
    }
  }
}