{
    "Response": {
        "ResponseInfo": {
            "UserName": "agent name",
            "CreationDate": "09-25-2013",
            "CreationTime": "12:15:54-04:00",
            "SourceInfoName": "tablet",
            "RequestorToken": "",
            "UserEmail": "test@gmail.com",
            "LastSyncDateTime": "09-25-2013 23:15:45"
        },
        "ResponsePayload": {
            "Transactions": [
                {
                    "Id": "",
                    "Key1": "291446",
                    "Key2": "ssoId",
                    "Key3": "",
                    "Key4": "",
                    "Key5": "",
                    "Key6": "",
                    "Key7": "",
                    "Key8": "",
                    "Key9": "",
                    "Key10": "",
                    "Key12" : "",
                    "Key13" : "",
                    "Key14" : "",
                    "Key15" : "",
                    "Key16" : "",
                    "Key17" : "",
                    "Key18" : "",
                    "Key19" : "",
                    "Key20" : "",
                    "Key21" : "",
                    "Key22" : "",
                    "Key23" : "",
                    "Key24" : "",
                    "Key25" : "",
                    "Key26" : "",
                    "Key27" : "",
                    "Key28" : "",
                    "Key29" : "",
                    "Key30" : "",
                    "Type": "MyBusiness",
                    "TransTrackingID": "",
                    "TransactionData": {
                        "myBusinessByType": [
                            {
                                "type": "My Plan",
                                "data": [
                                    {
                                        "month": "1",
                                        "year": "2014",
                                        "business": [
                                            {
                                                "myGoalsPremium": "10,000",
                                                "myBusiness": "8,000",
                                                "myGoalsEarnings": "12,000",
                                                "myEarnings": "10,000",
                                                "percentageEarningsAchieved": "82",
                                                "percentageBusinessAchieved": "90",
                                                "trendInEarnings": "downward",
                                                "trendInBusiness": "upward"
                                            }
                                        ]
                                    },
                                    {
                                        "month": "3",
                                        "year": "2014",
                                        "business": [
                                            {
                                                "myGoalsPremium": "11,500",
                                                "myBusiness": "10,000",
                                                "myGoalsEarnings": "11,000",
                                                "myEarnings": "4,000.290",
                                                "percentageEarningsAchieved": "82",
                                                "percentageBusinessAchieved": "90",
                                                "trendInEarnings": "downward",
                                                "trendInBusiness": "upward"
                                            }
                                        ]
                                    },
                                    {
                                        "month": "4",
                                        "year": "2014",
                                        "business": [
                                            {
                                                "myGoalsPremium": "14,000",
                                                "myBusiness": "12,000",
                                                "myGoalsEarnings": "13,000",
                                                "myEarnings": "5,000",
                                                "percentageEarningsAchieved": "82",
                                                "percentageBusinessAchieved": "90",
                                                "trendInEarnings": "downward",
                                                "trendInBusiness": "upward"
                                            }
                                        ]
                                    },
                                    {
                                        "month": "5",
                                        "year": "2014",
                                        "business": [
                                            {
                                                "myGoalsPremium": "15,000",
                                                "myBusiness": "14,000",
                                                "myGoalsEarnings": "14,000",
                                                "myEarnings": "6,000",
                                                "percentageEarningsAchieved": "82",
                                                "percentageBusinessAchieved": "90",
                                                "trendInEarnings": "downward",
                                                "trendInBusiness": "upward"
                                            }
                                        ]
                                    },
                                    {
                                        "month": "7",
                                        "year": "2014",
                                        "business": [
                                            {
                                                "myGoalsPremium": "18,000",
                                                "myBusiness": "15,500",
                                                "myGoalsEarnings": "15,000",
                                                "myEarnings": "7,000",
                                                "percentageEarningsAchieved": "82",
                                                "percentageBusinessAchieved": "90",
                                                "trendInEarnings": "downward",
                                                "trendInBusiness": "upward"
                                            }
                                        ]
                                    },
                                    {
                                        "month": "8",
                                        "year": "2014",
                                        "business": [
                                            {
                                                "myGoalsPremium": "18,000",
                                                "myBusiness": "15,500",
                                                "myGoalsEarnings": "15,000",
                                                "myEarnings": "7,000",
                                                "percentageEarningsAchieved": "82",
                                                "percentageBusinessAchieved": "90",
                                                "trendInEarnings": "downward",
                                                "trendInBusiness": "upward"
                                            }
                                        ]
                                    },
                                    {
                                        "month": "10",
                                        "year": "2014",
                                        "business": [
                                            {
                                                "myGoalsPremium": "18,000",
                                                "myBusiness": "15,500",
                                                "myGoalsEarnings": "15,000",
                                                "myEarnings": "7,000",
                                                "percentageEarningsAchieved": "82",
                                                "percentageBusinessAchieved": "90",
                                                "trendInEarnings": "downward",
                                                "trendInBusiness": "upward"
                                            }
                                        ]
                                    }
                                ]
                            },
                            {
                                "type": "My Business Overview",
                                "data": [
                                    {
                                        "month": "1",
                                        "year": "2014",
                                        "myfp": "50,000",
                                        "totalEarnings": "2,00,000",
                                        "policyDetails": [
                                            {
                                                "policyNo": "10101",
                                                "clientName": "Sajtih",
                                                "product": "aaa",
                                                "mfypAmount": "20,000",
                                                "appliedDate": "07-04-2013",
                                                "paidOnDate": "12-04-2013",
                                                "commissionEarned": "20,000"
                                            }
                                        ]
                                    },
                                    {
                                        "month": "2",
                                        "year": "2014",
                                        "myfp": "50,000",
                                        "totalEarnings": "2,00,000",
                                        "policyDetails": [
                                            {
                                                "policyNo": "54545",
                                                "clientName": "Shamith",
                                                "product": "Cognizant",
                                                "mfypAmount": "20,000",
                                                "appliedDate": "07-04-2013",
                                                "paidOnDate": "12-04-2013",
                                                "commissionEarned": "20,000"
                                            },
                                            {
                                                "policyNo": "2344455",
                                                "clientName": "Tritty",
                                                "product": "CognizantChildplan",
                                                "mfypAmount": "20,000",
                                                "appliedDate": "07-04-2013",
                                                "paidOnDate": "12-04-2013",
                                                "commissionEarned": "20,000"
                                            }
                                        ]
                                    },
                                    {
                                        "month": "3",
                                        "year": "2014",
                                        "myfp": "50,000",
                                        "totalEarnings": "2,00,000",
                                        "policyDetails": [
                                            {
                                                "policyNo": "54545",
                                                "clientName": "Shamith",
                                                "product": "Cognizant",
                                                "mfypAmount": "20,000",
                                                "appliedDate": "07-04-2013",
                                                "paidOnDate": "12-04-2013",
                                                "commissionEarned": "20,000"
                                            },
                                            {
                                                "policyNo": "343434",
                                                "clientName": "Tritty",
                                                "product": "CognizantChildplan",
                                                "mfypAmount": "20,000",
                                                "appliedDate": "07-04-2013",
                                                "paidOnDate": "12-04-2013",
                                                "commissionEarned": "20,000"
                                            },
                                            {
                                                "policyNo": "2344455",
                                                "clientName": "Tritty",
                                                "product": "CognizantChildplan",
                                                "mfypAmount": "20,000",
                                                "appliedDate": "07-04-2013",
                                                "paidOnDate": "12-04-2013",
                                                "commissionEarned": "20,000"
                                            }
                                        ]
                                    },
                                    
                                    {
                                        "month": "5",
                                        "year": "2014",
                                        "myfp": "50,000",
                                        "totalEarnings": "2,00,000",
                                        "policyDetails": [
                                            {
                                                "policyNo": "54545",
                                                "clientName": "Shamith",
                                                "product": "Cognizant",
                                                "mfypAmount": "20,000",
                                                "appliedDate": "07-04-2013",
                                                "paidOnDate": "12-04-2013",
                                                "commissionEarned": "20,000"
                                            },
                                            {
                                                "policyNo": "343434",
                                                "clientName": "Tritty",
                                                "product": "CognizantChildplan",
                                                "mfypAmount": "20,000",
                                                "appliedDate": "07-04-2013",
                                                "paidOnDate": "12-04-2013",
                                                "commissionEarned": "20,000"
                                            },
                                            {
                                                "policyNo": "2344455",
                                                "clientName": "Tritty",
                                                "product": "CognizantChildplan",
                                                "mfypAmount": "20,000",
                                                "appliedDate": "07-04-2013",
                                                "paidOnDate": "12-04-2013",
                                                "commissionEarned": "20,000"
                                            }
                                        ]
                                    },
                                    {
                                        "month": "6",
                                        "year": "2014",
                                        "myfp": "50,000",
                                        "totalEarnings": "2,00,000",
                                        "policyDetails": [
                                            {
                                                "policyNo": "54545",
                                                "clientName": "shamith",
                                                "product": "Cognizant",
                                                "mfypAmount": "20,000",
                                                "appliedDate": "07-04-2013",
                                                "paidOnDate": "12-04-2013",
                                                "commissionEarned": "20,000"
                                            },
                                            {
                                                "policyNo": "343434",
                                                "clientName": "Tritty",
                                                "product": "CognizantChildplan",
                                                "mfypAmount": "20,000",
                                                "appliedDate": "07-04-2013",
                                                "paidOnDate": "12-04-2013",
                                                "commissionEarned": "20,000"
                                            },
                                            {
                                                "policyNo": "2344455",
                                                "clientName": "Tritty",
                                                "product": "CognizantChildplan",
                                                "mfypAmount": "20,000",
                                                "appliedDate": "07-04-2013",
                                                "paidOnDate": "12-04-2013",
                                                "commissionEarned": "20,000"
                                            }
                                        ]
                                    },
                                    
                                    {
                                        "month": "8",
                                        "year": "2014",
                                        "myfp": "50,000",
                                        "totalEarnings": "2,00,000",
                                        "policyDetails": [
                                            {
                                                "policyNo": "54545",
                                                "clientName": "Shamith",
                                                "product": "Cognizant",
                                                "mfypAmount": "20,000",
                                                "appliedDate": "07-04-2013",
                                                "paidOnDate": "12-04-2013",
                                                "commissionEarned": "20,000"
                                            },
                                            {
                                                "policyNo": "343434",
                                                "clientName": "Tritty",
                                                "product": "CognizantChildplan",
                                                "mfypAmount": "20,000",
                                                "appliedDate": "07-04-2013",
                                                "paidOnDate": "12-04-2013",
                                                "commissionEarned": "20,000"
                                            },
                                            {
                                                "policyNo": "2344455",
                                                "clientName": "Tritty",
                                                "product": "CognizantChildplan",
                                                "mfypAmount": "20,000",
                                                "appliedDate": "07-04-2013",
                                                "paidOnDate": "12-04-2013",
                                                "commissionEarned": "20,000"
                                            }
                                        ]
                                    },
                                    {
                                        "month": "9",
                                        "year": "2014",
                                        "myfp": "50,000",
                                        "totalEarnings": "2,00,000",
                                        "policyDetails": [
                                            {
                                                "policyNo": "54545",
                                                "clientName": "Shamith",
                                                "product": "Cognizant",
                                                "mfypAmount": "20,000",
                                                "appliedDate": "07-04-2013",
                                                "paidOnDate": "12-04-2013",
                                                "commissionEarned": "20,000"
                                            },
                                            {
                                                "policyNo": "343434",
                                                "clientName": "Tritty",
                                                "product": "CognizantChildplan",
                                                "mfypAmount": "20,000",
                                                "appliedDate": "07-04-2013",
                                                "paidOnDate": "12-04-2013",
                                                "commissionEarned": "20,000"
                                            },
                                            {
                                                "policyNo": "2344455",
                                                "clientName": "Tritty",
                                                "product": "CognizantChildplan",
                                                "mfypAmount": "20,000",
                                                "appliedDate": "07-04-2013",
                                                "paidOnDate": "12-04-2013",
                                                "commissionEarned": "20,000"
                                            }
                                        ]
                                    },
                                    {
                                        "month": "10",
                                        "year": "2014",
                                        "myfp": "50,000",
                                        "totalEarnings": "2,00,000",
                                        "policyDetails": [
                                            {
                                                "policyNo": "54545",
                                                "clientName": "Anderson",
                                                "product": "Cognizant",
                                                "mfypAmount": "20,000",
                                                "appliedDate": "07-04-2013",
                                                "paidOnDate": "12-04-2013",
                                                "commissionEarned": "20,000"
                                            },
                                            {
                                                "policyNo": "343434",
                                                "clientName": "Raj",
                                                "product": "CognizantChildplan",
                                                "mfypAmount": "20,000",
                                                "appliedDate": "07-04-2013",
                                                "paidOnDate": "12-04-2013",
                                                "commissionEarned": "20,000"
                                            },
                                            {
                                                "policyNo": "2344455",
                                                "clientName": "Raj",
                                                "product": "CognizantChildplan",
                                                "mfypAmount": "20,000",
                                                "appliedDate": "07-04-2013",
                                                "paidOnDate": "12-04-2013",
                                                "commissionEarned": "20,000"
                                            }
                                        ]
                                    },
                                    {
                                        "month": "11",
                                        "year": "2014",
                                        "myfp": "50,000",
                                        "totalEarnings": "2,00,000",
                                        "policyDetails": [
                                            {
                                                "policyNo": "54545",
                                                "clientName": "Anderson",
                                                "product": "Cognizant",
                                                "mfypAmount": "20,000",
                                                "appliedDate": "07-04-2013",
                                                "paidOnDate": "12-04-2013",
                                                "commissionEarned": "20,000"
                                            },
                                            {
                                                "policyNo": "343434",
                                                "clientName": "Raj",
                                                "product": "CognizantChildplan",
                                                "mfypAmount": "20,000",
                                                "appliedDate": "07-04-2013",
                                                "paidOnDate": "12-04-2013",
                                                "commissionEarned": "20,000"
                                            },
                                            {
                                                "policyNo": "2344455",
                                                "clientName": "Raj",
                                                "product": "CognizantChildplan",
                                                "mfypAmount": "20,000",
                                                "appliedDate": "07-04-2013",
                                                "paidOnDate": "12-04-2013",
                                                "commissionEarned": "20,000"
                                            }
                                        ]
                                    }
                                ]
                            },
                            {
                                "type": "Performance Dashboard",
                                "data": {
                                    "performanceHeading": "SeptemberPerformance",
                                    "associateName": "John",
                                    "branchCode": "AMUM1",
                                    "zone": "West1",
                                    "bdm": "abc",
                                    "reportingName": "Raj",
                                    "dateOfPromotion": "14-06-2004",
                                    "new-oldAAP": "old",
                                    "dashBoardDetailsByType": [
                                        {
                                            "type": "Production",
                                            "data": [
                                                {
                                                    "parameter": "Cases",
                                                    "unit": "#",
                                                    "mtd": "7",
                                                    "ytd": "42"
                                                },
                                                {
                                                    "parameter": "AdjFYP",
                                                    "unit": "InLakhs",
                                                    "mtd": "7",
                                                    "ytd": "42"
                                                },
                                                {
                                                    "parameter": "FYC",
                                                    "unit": "InLakhs",
                                                    "mtd": "7",
                                                    "ytd": "42"
                                                },
                                                {
                                                    "parameter": "AFYP",
                                                    "unit": "InLakhs",
                                                    "mtd": "7",
                                                    "ytd": "42"
                                                },
                                                {
                                                    "parameter": "Recruitment",
                                                    "unit": "#",
                                                    "mtd": "7",
                                                    "ytd": "43"
                                                },
                                               
                                                {
                                                    "parameter": "AverageAgentProductivity",
                                                    "unit": "Rs",
                                                    "mtd": "7",
                                                    "ytd": "42"
                                                }
                                            ]
                                        },
                                        {
                                            "type": "2013-14ChampionsMeet",
                                            "data": [
                                                {
                                                    "criteria": "Criteria(Apr-Mar)",
                                                    "criteria1": "30",
                                                    "criteria2": "40"
                                                },
                                                {
                                                    "criteria": "Minima(Oct-Mar)",
                                                    "criteria1": "15",
                                                    "criteria2": "20"
                                                },
                                                {
                                                    "criteria": "Actual",
                                                    "criteria1": "15"
                                                },
                                                {
                                                    "criteria": "Shortfall",
                                                    "criteria1": "(15)"
                                                }
                                            ]
                                        },
                                        {
                                            "type": "QualityOfBusiness",
                                            "data": [
                                           
                                            ]
                                        },
                                        {
                                            "type": "StarAchieverClub",
                                            "data": [
                                                {
                                                    "QualityOfRec": "Base",
                                                    "unit": "10"
                                                },
                                                {
                                                    "QualityOfRec": "Level1",
                                                    "unit": "3"
                                                },
                                                {
                                                    "QualityOfRec": "Level2",
                                                    "unit": "5"
                                                },
                                                {
                                                    "QualityOfRec": "Level3",
                                                    "unit": "5"
                                                },
                                                {
                                                    "QualityOfRec": "Level4",
                                                    "unit": "5"
                                                },
                                                {
                                                    "QualityOfRec": "Level5",
                                                    "unit": "5"
                                                }
                                            ]
                                        },
                                        {
                                            "type": "TeamSuccess",
                                            "data": [
                                                {
                                                    "parameter": "9In90",
                                                    "unit": "#",
                                                    "mtd": "7",
                                                    "ytd": "42"
                                                },
                                                {
                                                    "parameter": "CaseActive",
                                                    "unit": "#",
                                                    "mtd": "7",
                                                    "ytd": "42"
                                                },
                                                {
                                                    "parameter": "ActivityRatio",
                                                    "unit": "%",
                                                    "mtd": "7",
                                                    "ytd": "42"
                                                },
                                                {
                                                    "parameter": "ActiveCaseRate",
                                                    "unit": "#",
                                                    "mtd": "7",
                                                    "ytd": "42"
                                                },
                                                {
                                                    "parameter": "ActiveAgentManmonth",
                                                    "unit": "#",
                                                    "mtd": "7",
                                                    "ytd": "42"
                                                },
                                                {
                                                    "parameter": "FYCProactiveAgent",
                                                    "unit": "#",
                                                    "mtd": "7",
                                                    "ytd": "42"
                                                },
                                                {
                                                    "parameter": "Last3MZeroBusiness(team)",
                                                    "unit": "#",
                                                    "mtd": "7",
                                                    "ytd": "42"
                                                },
                                                {
                                                    "parameter": "FYCFromProactiveAgent",
                                                    "unit": "#",
                                                    "mtd": "7",
                                                    "ytd": "42"
                                                }
                                            ]
                                        },
                                        {
                                            "type": "Portfolio",
                                            "data": [
                                                {
                                                    "parameter": "TotalActiveCustomers",
                                                    "unit": "#",
                                                    "ytd": "425"
                                                },
                                                {
                                                    "parameter": "NOPofActiveCustomers",
                                                    "unit": "#",
                                                    "ytd": "425"
                                                },
                                                {
                                                    "parameter": "PolicyDensity",
                                                    "unit": "%",
                                                    "ytd": "425"
                                                },
                                                {
                                                    "parameter": "SinglePolicy-CustomerCount",
                                                    "unit": "#",
                                                    "ytd": "425"
                                                }
                                            ]
                                        },
                                        {
                                            "type": "QuarterlyProjectionEarning",
                                            "data": [
                                                {
                                                    "parameter": "QualityRecruitment",
                                                    "criteria": "NA",
                                                    "earning": "NA",
                                                    "shortFall": "NA"
                                                },
                                                {
                                                    "parameter": "BusinessSupportBonus",
                                                    "criteria": "NA",
                                                    "earning": "NA",
                                                    "shortFall": "NA"
                                                },
                                                {
                                                    "parameter": "AnnualBonus",
                                                    "criteria": "NA",
                                                    "earning": "NA",
                                                    "shortFall": "NA"
                                                },
                                                {
                                                    "parameter": "FYCofProactiveAgent",
                                                    "criteria": "NA",
                                                    "earning": "NA",
                                                    "shortFall": "NA"
                                                }
                                            ]
                                        },
                                        {
                                            "type": "AnnualReward&Recognition",
                                            "data": [
                                                {
                                                    "parameter": "Criteria",
                                                    "criteria": "6QRs",
                                                    "units": "5ProactiveAgents",
                                                    "actuals": "30LakhsAdFYP"
                                                }
                                            ]
                                        }
                                    ]
                                }
                            }
                        ]
                    }
                }
            ]
        }
    }
}