{
    "Response": {
        "ResponseInfo": {
			"UserName": "agent name",
            "CreationDate": "09-25-2013",
            "CreationTime": "12:15:54-04:00",
            "SourceInfoName": "tablet",
            "RequestorToken": "",
            "UserEmail": "test@gmail.com",
            "LastSyncDateTime": "09-25-2013 23:15:45"
        },
        "ResponsePayload": {
            "Transactions": [{
                "Id": "",
                "Key1": "291446",
                "Key2": "ssoId",
                "Key3": "",
                "Key4": "",
                "Key5": "",
                "Key6": "",
                "Key7": "",
                "Key8": "",
                "Key9": "",
                "Key10": "",
                "Key12" : "",
                    "Key13" : "",
                    "Key14" : "",
                    "Key15" : "",
                    "Key16" : "",
                    "Key17" : "",
                    "Key18" : "",
                    "Key19" : "",
                    "Key20" : "",
                    "Key21" : "",
                    "Key22" : "",
                    "Key23" : "",
                    "Key24" : "",
                    "Key25" : "",
                    "Key26" : "",
                    "Key27" : "",
                    "Key28" : "",
                    "Key29" : "",
                    "Key30" : "",
                "Type": "DashboardResponse", 
                "TransTrackingID": "",
                "TransactionData": {
                    "myperformanceoverview": [{
                        "type": "Meetings",
                        "data": [
			    {
				"month":"Jan",
				"count":"5"
			    },
			    {
				"month":"Feb",
				"count":"5"
			    },
			    {
				"month":"Mar",
				"count":"5"
			    },
			    {
				"month":"Apr",
				"count":"5"
			    },
			    {
				"month":"May",
				"count":"5"
			    },
			    {
				"month":"Jun",
				"count":"5"
			    },
			    {
				"month":"Jul",
				"count":"5"
			    },
			    {
				"month":"Aug",
				"count":"5"
			    }
			]
                    }, {"type": "logins",
                        "data": [
			    {
				"month":"Jan",
				"count":"5"
			    },
			    {
				"month":"Feb",
				"count":"5"
			    },
			    {
				"month":"Mar",
				"count":"5"
			    },
			    {
				"month":"Apr",
				"count":"5"
			    },
			    {
				"month":"May",
				"count":"5"
			    },
			    {
				"month":"Jun",
				"count":"5"
			    },
			    {
				"month":"Jul",
				"count":"5"
			    },
			    {
				"month":"Aug",
				"count":"5"
			    }]
                    }, {"type": "issuance",
                        "data": [
			    {
				"month":"Jan",
				"count":"5"
			    },
			    {
				"month":"Feb",
				"count":"5"
			    },
			    {
				"month":"Mar",
				"count":"5"
			    },
			    {
				"month":"Apr",
				"count":"5"
			    },
			    {
				"month":"May",
				"count":"5"
			    },
			    {
				"month":"Jun",
				"count":"5"
			    },
			    {
				"month":"Jul",
				"count":"5"
			    },
			    {
				"month":"Aug",
				"count":"5"
			    }]
                    }, {"type": "earnings",
                        "data": [
			   {
				"month":"Jan",
				"count":"5"
			    },
			    {
				"month":"Feb",
				"count":"5"
			    },
			    {
				"month":"Mar",
				"count":"5"
			    },
			    {
				"month":"Apr",
				"count":"5"
			    },
			    {
				"month":"May",
				"count":"5"
			    },
			    {
				"month":"Jun",
				"count":"5"
			    },
			    {
				"month":"Jul",
				"count":"5"
			    },
			    {
				"month":"Aug",
				"count":"5"
			    }]
                    }]
                }
            }]
        }
    }
}