{
  "Response": {
    "ResponseInfo": {
      "UserName": "agent name",
      "CreationDate": "09-25-2013",
      "CreationTime": "12:15:54-04:00",
      "SourceInfoName": "tablet",
      "RequestorToken": "",
      "userEmail": "test@gmail.com",
      "lastSyncDate": "09-28-2013"
    },
    "ResponsePayload": {
      "Transactions": [
        {
          "Id": "agentID",
          "Key1": "291446",
          "Key2": "",
          "Key3": "",
          "Key4": "",
          "Key5": "",
          "Key6": "",
          "Key7": "",
          "Key8": "",
          "Key9": "",
          "Key10": "clientId",
          "Key12" : "",
          "Key13" : "",
          "Key14" : "",
          "Key15" : "",
          "Key16" : "",
          "Key17" : "",
          "Key18" : "",
          "Key19" : "",
          "Key20" : "",
          "Key21" : "",
          "Key22" : "",
          "Key23" : "",
          "Key24" : "",
          "Key25" : "",
          "Key26" : "",
          "Key27" : "",
          "Key28" : "",
          "Key29" : "",
          "Key30" : "",    
          "Type": "ClientDetails",
          "TransTrackingID": "",
          "TransactionData": {
            "clientDetails": {
              "clientId": "12345",
              "clientFirstName": "John",
              "clientLastName": "Doe",
              "contactNumber": "9876543255",
              "emailId": "abc@acc.com"
            },
            "policyDetails": [
              {
                "policyNumber": "P123232345",
                "productName": "Product 1",
                "policyInceptionDate": "09-28-2012",
                "premiumDueDate": "09-28-2014",
                "modalPremium": "5,000.00",
                "expectedAFYP": "10,000.00",
                "paymentMode": "Cash",
                "paymentFrequency": "Half Yearly",
                "currentDisposition": "Graced",
                "paymentHistory": [
                  {
                    "locationCode": "Jan",
                    "instrumentNumber": "30",
                    "receiptDate": "09-28-2012",
                    "amount": "5,000.00",
                    "policyAmount": "20,000.00",
                    "dsNumber": "53454346",
                    "bounceDate": "",
                    "clearanceDate": "09-30-2012",
                    "sentToIngenium": "Yes"
                  },
                  {
                    "locationCode": "Jan",
                    "instrumentNumber": "30",
                    "receiptDate": "08-28-2012",
                    "amount": "5,000.00",
                    "policyAmount": "20,000.00",
                    "dsNumber": "53454346",
                    "bounceDate": "",
                    "clearanceDate": "08-30-2012",
                    "sentToIngenium": "Yes"
                  },
                  {
                    "locationCode": "Jan",
                    "instrumentNumber": "30",
                    "receiptDate": "07-28-2012",
                    "amount": "5,000.00",
                    "policyAmount": "20,000.00",
                    "dsNumber": "53454346",
                    "bounceDate": "",
                    "clearanceDate": "07-30-2012",
                    "sentToIngenium": "Yes"
                  }
                ]
              },
              {
                "policyNumber": "P123232376",
                "productName": "Product 2",
                "policyInceptionDate": "09-28-2012",
                "premiumDueDate": "09-28-2014",
                "modalPremium": "5,000.00",
                "expectedAFYP": "10,000.00",
                "paymentMode": "Cash",
                "paymentFrequency": "Half Yearly",
                "currentDisposition": "Graced",
                "paymentHistory": [
                  {
                    "locationCode": "Jan",
                    "instrumentNumber": "30",
                    "receiptDate": "09-28-2012",
                    "amount": "5,000.00",
                    "policyAmount": "20,000.00",
                    "dsNumber": "53454346",
                    "bounceDate": "",
                    "clearanceDate": "09-30-2012",
                    "sentToIngenium": "Yes"
                  },
                  {
                    "locationCode": "Jan",
                    "instrumentNumber": "30",
                    "receiptDate": "08-28-2012",
                    "amount": "5,000.00",
                    "policyAmount": "20,000.00",
                    "dsNumber": "53454346",
                    "bounceDate": "",
                    "clearanceDate": "08-30-2012",
                    "sentToIngenium": "Yes"
                  },
                  {
                    "locationCode": "Jan",
                    "instrumentNumber": "30",
                    "receiptDate": "07-28-2012",
                    "amount": "5,000.00",
                    "policyAmount": "20,000.00",
                    "dsNumber": "53454346",
                    "bounceDate": "",
                    "clearanceDate": "07-30-2012",
                    "sentToIngenium": "Yes"
                  }
                ]
              }
            ]
          }
        }
      ]
    }
  }
}