{
   "Response":{
      "ResponseInfo":{
         "UserName":"agent name",
         "CreationDate":"09-25-2013",
         "CreationTime":"12:15:54-04:00",
         "SourceInfoName":"tablet",
         "RequestorToken":"",
         "UserEmail":"test@gmail.com",
         "LastSyncDateTime":"09-25-2013 23:15:45"
      },
      "ResponsePayload":{
         "Transactions":[
            {
               "Id":"",
               "Key1":"agentID",
               "Key2":"ssoId",
               "Key3":"",
               "Key4":"",
               "Key5":"",
               "Key6":"",
               "Key7":"",
               "Key8":"",
               "Key9":"",
               "Key10":"",
               "Type":"Plan Type",
               "TransTrackingID":"",
               "TransactionData":[
								{"key":"savingsPlan","value":"LE Savings Plan"},
								{"key":"endowmentPlan","value":"LE Endowment Plan"},
								{"key":"wholeLifePlan","value":"LE Whole Life Plan"},
								{"key":"pensionPlan","value":"LE Pension Plan"}
								 
			   ]
            }
         ]
      }
   }
}