{
	"Response": {
		"ResponseInfo": {
			"UserName": "agent name",
			"CreationDate": "09-25-2015",
			"CreationTime": "12:15:54-04:00",
			"SourceInfoName": "tablet",
			"RequestorToken": "",
			"UserEmail": "test@gmail.com",
			"LastSyncDateTime": "09-25-2015 23:15:45"
		},
		"ResponsePayload": {
			"Transactions": [{
				"Id": "",
				"Key1": "tom",
				"Key2": "ssoId",
				"Key3": "",
				"Key4": "",
				"Key5": "",
				"Key6": "",
				"Key7": "",
				"Key8": "",
				"Key9": "",
				"Key10": "AllDetails",
				"Type": "RecruitmentDashboard",
				"TransTrackingID": "",
				"TransactionData": {
					"leadFunnel": [{
						"leadsBySource": [{
							"source": "Personal Network",
							"leads": [{
								"leadId": "2165833",
								"leadName": "Ben Owen",
								"lastName": "",
								"leadCreationDate": "2015-01-10T10:40:56.8830000Z",
								"filterDate": "2015-01-03T10:40:56.8830000Z",
								"currentDisposition": "Open",
								"contactNumber": "9566854447",
								"emailId": "ben.owen@gmail.com",
								"leadCategory": "Open Market ",
								"expectedAFYP": "25000",
								"currentLeadStates": "NAT Done"
							},
                                                        {
								"leadId": "2165874",
								"leadName": "Anne Frank",
								"lastName": "",
								"leadCreationDate": "2015-01-10T10:40:56.8830000Z",
								"filterDate": "2015-01-03T10:40:56.8830000Z",
								"currentDisposition": "Open",
								"contactNumber": "9566854447",
								"emailId": "anne.frank@gmail.com",
								"leadCategory": "Open Market ",
								"expectedAFYP": "5000",
								"currentLeadStates": "NAT Done"
							},
                                                        {
								"leadId": "2395723",
								"leadName": "Stephan Michael",
								"lastName": "",
								"leadCreationDate": "2015-01-10T10:40:56.8830000Z",
								"filterDate": "2015-01-03T10:40:56.8830000Z",
								"currentDisposition": "Open",
								"contactNumber": "9566854447",
								"emailId": "stephan.mike@gmail.com",
								"leadCategory": "Open Market ",
								"expectedAFYP": "28000",
								"currentLeadStates": "NAT Done"
							},
                                                        {
								"leadId": "2234633",
								"leadName": "George Paul",
								"lastName": "",
								"leadCreationDate": "2015-01-10T10:40:56.8830000Z",
								"filterDate": "2015-01-03T10:40:56.8830000Z",
								"currentDisposition": "Open",
								"contactNumber": "9566854447",
								"emailId": "george.paul@gmail.com",
								"leadCategory": "Open Market ",
								"expectedAFYP": "15000",
								"currentLeadStates": "NAT Done"
							},
                                                        {
								"leadId": "2567833",
								"leadName": "Phil Collin",
								"lastName": "",
								"leadCreationDate": "2015-01-10T10:40:56.8830000Z",
								"filterDate": "2015-01-03T10:40:56.8830000Z",
								"currentDisposition": "Open",
								"contactNumber": "9566854447",
								"emailId": "phil.collin@gmail.com",
								"leadCategory": "Open Market ",
								"expectedAFYP": "5000",
								"currentLeadStates": "Contracted"
							},
                                                        {
								"leadId": "2343233",
								"leadName": "Paul Mathew",
								"lastName": "",
								"leadCreationDate": "2015-01-10T10:40:56.8830000Z",
								"filterDate": "2015-01-03T10:40:56.8830000Z",
								"currentDisposition": "Open",
								"contactNumber": "9566854447",
								"emailId": "paul.mathew@gmail.com",
								"leadCategory": "Open Market ",
								"expectedAFYP": "50000",
								"currentLeadStates": "Prospect Leads Collected"
							},
                                                        {
								"leadId": "2332573",
								"leadName": "Sandra Tom",
								"lastName": "",
								"leadCreationDate": "2015-01-10T10:40:56.8830000Z",
								"filterDate": "2015-01-03T10:40:56.8830000Z",
								"currentDisposition": "Open",
								"contactNumber": "9566854447",
								"emailId": "sandra.tom@gmail.com",
								"leadCategory": "Open Market ",
								"expectedAFYP": "45000",
								"currentLeadStates": "URN Generated"
							},
                                                        {
								"leadId": "2336433",
								"leadName": "Abel Rose",
								"lastName": "",
								"leadCreationDate": "2015-01-10T10:40:56.8830000Z",
								"filterDate": "2015-01-03T10:40:56.8830000Z",
								"currentDisposition": "Open",
								"contactNumber": "9566854447",
								"emailId": "abel.rose@gmail.com",
								"leadCategory": "Open Market ",
								"expectedAFYP": "10000",
								"currentLeadStates": "URN Generated"
							},
                                                        {
								"leadId": "2332343",
								"leadName": "Enya Twain",
								"lastName": "",
								"leadCreationDate": "2015-01-10T10:40:56.8830000Z",
								"filterDate": "2015-01-03T10:40:56.8830000Z",
								"currentDisposition": "Open",
								"contactNumber": "9566854447",
								"emailId": "enya.twain@gmail.com",
								"leadCategory": "Open Market ",
								"expectedAFYP": "11000",
								"currentLeadStates": "URN Generated"
							},
                                                        {
								"leadId": "2335673",
								"leadName": "Johan Cliff",
								"lastName": "",
								"leadCreationDate": "2015-01-10T10:40:56.8830000Z",
								"filterDate": "2015-01-03T10:40:56.8830000Z",
								"currentDisposition": "Open",
								"contactNumber": "9566854447",
								"emailId": "johan.cliff@gmail.com",
								"leadCategory": "Open Market ",
								"expectedAFYP": "33000",
								"currentLeadStates": "URN Generated"
							},
                                                        {
								"leadId": "2367843",
								"leadName": "Rudy Hullman",
								"lastName": "",
								"leadCreationDate": "2015-11-10T10:40:56.8830000Z",
								"filterDate": "2015-11-03T10:40:56.8830000Z",
								"currentDisposition": "Open",
								"contactNumber": "9566854447",
								"emailId": "rudy.hull@gmail.com",
								"leadCategory": "Open Market ",
								"expectedAFYP": "22000",
								"currentLeadStates": "Prospect Leads Collected"
							},
                                                        {
								"leadId": "2357893",
								"leadName": "Giovanna Joe",
								"lastName": "",
								"leadCreationDate": "2015-11-10T10:40:56.8830000Z",
								"filterDate": "2015-11-03T10:40:56.8830000Z",
								"currentDisposition": "Open",
								"contactNumber": "9566854447",
								"emailId": "giovanna.joe@gmail.com",
								"leadCategory": "Open Market ",
								"expectedAFYP": "15000",
								"currentLeadStates": "Prospect Leads Collected"
							},
                                                        {
								"leadId": "2633453",
								"leadName": "Jack Robert",
								"lastName": "",
								"leadCreationDate": "2015-11-16T10:40:56.8830000Z",
								"filterDate": "2015-11-10T10:40:56.8830000Z",
								"currentDisposition": "Open",
								"contactNumber": "9566854447",
								"emailId": "jack.robert@gmail.com",
								"leadCategory": "Open Market ",
								"expectedAFYP": "18000",
								"currentLeadStates": "Interview Held"
							},
                                                        {
								"leadId": "2379053",
								"leadName": "Rob Williams",
								"lastName": "",
								"leadCreationDate": "2015-01-10T10:40:56.8830000Z",
								"filterDate": "2015-09-03T10:40:56.8830000Z",
								"currentDisposition": "Open",
								"contactNumber": "9566854447",
								"emailId": "rob.williams@gmail.com",
								"leadCategory": "Open Market ",
								"expectedAFYP": "10000",
								"currentLeadStates": "Interview Held"
							},
                                                        {
								"leadId": "2338456",
								"leadName": "Ben Owen",
								"lastName": "",
								"leadCreationDate": "2015-01-10T10:40:56.8830000Z",
								"filterDate": "2015-08-03T10:40:56.8830000Z",
								"currentDisposition": "Open",
								"contactNumber": "9566854447",
								"emailId": "ben.owen@gmail.com",
								"leadCategory": "Open Market ",
								"expectedAFYP": "15000",
								"currentLeadStates": "Prospect Met"
							},
                                                        {
								"leadId": "2345638",
								"leadName": "Andy Christopher",
								"lastName": "",
								"leadCreationDate": "2015-01-10T10:40:56.8830000Z",
								"filterDate": "2015-08-03T10:40:56.8830000Z",
								"currentDisposition": "Open",
								"contactNumber": "9566854447",
								"emailId": "andy.chrosto@gmail.com",
								"leadCategory": "Open Market ",
								"expectedAFYP": "12000",
								"currentLeadStates": "Prospect Met"
							},
                                                        {
								"leadId": "6782393",
								"leadName": "Shawn Jeff",
								"lastName": "",
								"leadCreationDate": "2015-01-10T10:40:56.8830000Z",
								"filterDate": "2015-07-03T10:40:56.8830000Z",
								"currentDisposition": "Open",
								"contactNumber": "9566854447",
								"emailId": "shawn.jeff@gmail.com",
								"leadCategory": "Open Market ",
								"expectedAFYP": "13000",
								"currentLeadStates": "Prospect Met"
							},
                                                        {
								"leadId": "2378930",
								"leadName": "Norah Steffan",
								"lastName": "",
								"leadCreationDate": "2015-01-10T10:40:56.8830000Z",
								"filterDate": "2015-11-03T10:40:56.8830000Z",
								"currentDisposition": "Open",
								"contactNumber": "9566854447",
								"emailId": "norah.steff@gmail.com",
								"leadCategory": "Open Market ",
								"expectedAFYP": "85000",
								"currentLeadStates": "Seminar Done"
							}]
						},
						{
							"source": "Campaign",
							"leads": [{
								"leadId": "1231212",
								"leadName": "Ray Phil",
								"lastName": "",
								"leadCreationDate": "2015-01-03T10:40:56.8830000Z",
								"filterDate": "2015-01-03T10:40:56.8830000Z",
								"currentDisposition": "Open",
								"contactNumber": "9566854447",
								"emailId": "ray.phil@gmail.com",
								"leadCategory": "Open Market ",
								"expectedAFYP": "85000",
								"currentLeadStates": "Prospect Leads Collected"
							},
                                                        {
								"leadId": "1231212",
								"leadName": "Ronnie Gray",
								"lastName": "",
								"leadCreationDate": "2015-01-03T10:40:56.8830000Z",
								"filterDate": "2015-01-03T10:40:56.8830000Z",
								"currentDisposition": "Open",
								"contactNumber": "9566854447",
								"emailId": "ronnie.gray@gmail.com",
								"leadCategory": "Open Market ",
								"expectedAFYP": "15000",
								"currentLeadStates": "NAT Done"
							},
                                                        {
								"leadId": "1231212",
								"leadName": "Ryan Mike",
								"lastName": "",
								"leadCreationDate": "2015-01-03T10:40:56.8830000Z",
								"filterDate": "2015-01-03T10:40:56.8830000Z",
								"currentDisposition": "Open",
								"contactNumber": "9566854447",
								"emailId": "ryan.mike@gmail.com",
								"leadCategory": "Open Market ",
								"expectedAFYP": "23000",
								"currentLeadStates": "NAT Done"
							},
                                                        {
								"leadId": "1231212",
								"leadName": "Michael Tim",
								"lastName": "",
								"leadCreationDate": "2015-01-03T10:40:56.8830000Z",
								"filterDate": "2015-01-03T10:40:56.8830000Z",
								"currentDisposition": "Open",
								"contactNumber": "9566854447",
								"emailId": "michael.tim@gmail.com",
								"leadCategory": "Open Market ",
								"expectedAFYP": "55000",
								"currentLeadStates": "NAT Done"
							},
                                                        {
								"leadId": "Tina Joe",
								"leadName": "Raganesh",
								"lastName": "",
								"leadCreationDate": "2015-01-03T10:40:56.8830000Z",
								"filterDate": "2015-01-03T10:40:56.8830000Z",
								"currentDisposition": "Open",
								"contactNumber": "9566854447",
								"emailId": "tina.joe@gmail.com",
								"leadCategory": "Open Market ",
								"expectedAFYP": "33000",
								"currentLeadStates": "NAT Done"
							},
                                                        {
								"leadId": "1231342",
								"leadName": "Marshall Carlos",
								"lastName": "",
								"leadCreationDate": "2015-01-10T10:40:56.8830000Z",
								"filterDate": "2015-01-12T10:40:56.8830000Z",
								"currentDisposition": "Open",
								"contactNumber": "9566854447",
								"emailId": "marshall.carlos@gmail.com",
								"leadCategory": "Open Market ",
								"expectedAFYP": "81000",
								"currentLeadStates": "URN Generated"
							},
                                                        {
								"leadId": "1235612",
								"leadName": "Clarie Ann",
								"lastName": "",
								"leadCreationDate": "2015-01-10T10:40:56.8830000Z",
								"filterDate": "2015-01-10T10:40:56.8830000Z",
								"currentDisposition": "Open",
								"contactNumber": "9566854447",
								"emailId": "clarie.ann@gmail.com",
								"leadCategory": "Open Market ",
								"expectedAFYP": "5000",
								"currentLeadStates": "Seminar Done"
							},
                                                        {
								"leadId": "1231342",
								"leadName": "Mike Tyson",
								"lastName": "",
								"leadCreationDate": "2015-01-10T10:40:56.8830000Z",
								"filterDate": "2015-01-12T10:40:56.8830000Z",
								"currentDisposition": "Open",
								"contactNumber": "9566854447",
								"emailId": "mike.tyson@gmail.com",
								"leadCategory": "Open Market ",
								"expectedAFYP": "68000",
								"currentLeadStates": "URN Generated"
							},
                                                        {
								"leadId": "1235612",
								"leadName": "Ray John",
								"lastName": "",
								"leadCreationDate": "2015-01-10T10:40:56.8830000Z",
								"filterDate": "2015-01-10T10:40:56.8830000Z",
								"currentDisposition": "Open",
								"contactNumber": "9566854447",
								"emailId": "ray.john@gmail.com",
								"leadCategory": "Open Market ",
								"expectedAFYP": "83000",
								"currentLeadStates": "Prospect Met"
							},
                                                        {
								"leadId": "1231212",
								"leadName": "Alice Thomas",
								"lastName": "",
								"leadCreationDate": "2015-01-03T10:40:56.8830000Z",
								"filterDate": "2015-01-03T10:40:56.8830000Z",
								"currentDisposition": "Open",
								"contactNumber": "9566854447",
								"emailId": "alice.tom@gmail.com",
								"leadCategory": "Open Market ",
								"expectedAFYP": "87000",
								"currentLeadStates": "Prospect Met"
							},
                                                        {
								"leadId": "1231342",
								"leadName": "Alicia Silverstone",
								"lastName": "",
								"leadCreationDate": "2015-01-10T10:40:56.8830000Z",
								"filterDate": "2015-01-12T10:40:56.8830000Z",
								"currentDisposition": "Open",
								"contactNumber": "9566854447",
								"emailId": "alicia.silverstone@gmail.com",
								"leadCategory": "Open Market ",
								"expectedAFYP": "82000",
								"currentLeadStates": "URN Generated"
							}
                                                       ]
						},
						{
							"source": "Leads CRM",
							"leads": [{
								"leadId": "24867849",
								"leadName": "Vanessa Bellmann",
								"lastName": "",
								"leadCreationDate": "2015-09-30T10:40:56.8830000Z",
								"filterDate": "2015-09-30T10:40:56.8830000Z",
								"currentDisposition": "Open",
								"contactNumber": "9566854447",
								"emailId": "vanessa.bell@gmail.com",
								"leadCategory": "Open Market ",
								"expectedAFYP": "85000",
								"currentLeadStates": "NAT Done"
							},
							{
								"leadId": "29427816",
								"leadName": "Florian Ullmann",
								"lastName": "",
								"leadCreationDate": "2015-12-09T11:50:06.4630000Z",
								"filterDate": "2015-01-09T11:50:06.4630000Z",
								"currentDisposition": "Open",
								"contactNumber": "9722004689",
								"emailId": "florian.ullmann@gmail.com",
								"leadCategory": "Open Market ",
								"expectedAFYP": "85000",
								"currentLeadStates": "NAT Done"
							},						    
                                                        {
								"leadId": "29429016",
								"leadName": "Olvier Tom",
								"lastName": "",
								"leadCreationDate": "2015-12-09T11:50:06.4630000Z",
								"filterDate": "2015-12-09T11:50:06.4630000Z",
								"currentDisposition": "Open",
								"contactNumber": "9722004689",
								"emailId": "oliver.tom@gmail.com",
								"leadCategory": "Open Market ",
								"expectedAFYP": "85000",
								"currentLeadStates": "Interview Held"
							},
                                                        {
								"leadId": "248678491",
								"leadName": "Markus Gray",
								"lastName": "",
								"leadCreationDate": "2015-09-30T10:40:56.8830000Z",
								"filterDate": "2015-09-30T10:40:56.8830000Z",
								"currentDisposition": "Open",
								"contactNumber": "8487828259",
								"emailId": "markus.gray@gmail.com",
								"leadCategory": "Open Market ",
								"expectedAFYP": "85000",
								"currentLeadStates": "NAT Done"
							},
							{
								"leadId": "29427816",
								"leadName": "Hendrie Christopher",
								"lastName": "",
								"leadCreationDate": "2015-12-09T11:50:06.4630000Z",
								"filterDate": "2015-01-09T11:50:06.4630000Z",
								"currentDisposition": "Open",
								"contactNumber": "9722004689",
								"emailId": "hendrie.christo@gmail.com",
								"leadCategory": "Open Market ",
								"expectedAFYP": "85000",
								"currentLeadStates": "NAT Done"
							},						    
                                                        {
								"leadId": "29429016",
								"leadName": "Chris Kamp",
								"lastName": "",
								"leadCreationDate": "2015-12-09T11:50:06.4630000Z",
								"filterDate": "2015-12-09T11:50:06.4630000Z",
								"currentDisposition": "Open",
								"contactNumber": "9722004689",
								"emailId": "chriskamp@gmail.com",
								"leadCategory": "Open Market ",
								"expectedAFYP": "85000",
								"currentLeadStates": "Interview Held"
							},
                                                        {
								"leadId": "248678491",
								"leadName": "Bob Christopher",
								"lastName": "",
								"leadCreationDate": "2015-09-30T10:40:56.8830000Z",
								"filterDate": "2015-09-30T10:40:56.8830000Z",
								"currentDisposition": "Open",
								"contactNumber": "8487828259",
								"emailId": "bob.chris@gmail.com",
								"leadCategory": "Open Market ",
								"expectedAFYP": "85000",
								"currentLeadStates": "NAT Done"
							},
							{
								"leadId": "29427816",
								"leadName": "Keneth John",
								"lastName": "",
								"leadCreationDate": "2015-12-09T11:50:06.4630000Z",
								"filterDate": "2015-01-09T11:50:06.4630000Z",
								"currentDisposition": "Open",
								"contactNumber": "9722004689",
								"emailId": "keneth.john@gmail.com",
								"leadCategory": "Open Market ",
								"expectedAFYP": "85000",
								"currentLeadStates": "NAT Done"
							},						    
                                                        {
								"leadId": "29429016",
								"leadName": "A.R. Gaga",
								"lastName": "",
								"leadCreationDate": "2015-12-09T11:50:06.4630000Z",
								"filterDate": "2015-12-09T11:50:06.4630000Z",
								"currentDisposition": "Open",
								"contactNumber": "9722004689",
								"emailId": "keshardeodosharma@gmail.com",
								"leadCategory": "Open Market ",
								"expectedAFYP": "85000",
								"currentLeadStates": "Interview Held"
							},
                                                        {
								"leadId": "248678491",
								"leadName": "Vohra Kasam",
								"lastName": "",
								"leadCreationDate": "2015-09-30T10:40:56.8830000Z",
								"filterDate": "2015-09-30T10:40:56.8830000Z",
								"currentDisposition": "Open",
								"contactNumber": "8487828259",
								"emailId": "keshardeodosharma@gmail.com",
								"leadCategory": "Open Market ",
								"expectedAFYP": "85000",
								"currentLeadStates": "NAT Done"
							},
							{
								"leadId": "29427816",
								"leadName": "A.R. Rana",
								"lastName": "",
								"leadCreationDate": "2015-12-09T11:50:06.4630000Z",
								"filterDate": "2015-01-09T11:50:06.4630000Z",
								"currentDisposition": "Open",
								"contactNumber": "9722004689",
								"emailId": "keshardeodosharma@gmail.com",
								"leadCategory": "Open Market ",
								"expectedAFYP": "85000",
								"currentLeadStates": "NAT Done"
							},						    
                                                        {
								"leadId": "29429016",
								"leadName": "A.R. Gaga",
								"lastName": "",
								"leadCreationDate": "2015-12-09T11:50:06.4630000Z",
								"filterDate": "2015-12-09T11:50:06.4630000Z",
								"currentDisposition": "Open",
								"contactNumber": "9722004689",
								"emailId": "keshardeodosharma@gmail.com",
								"leadCategory": "Open Market ",
								"expectedAFYP": "85000",
								"currentLeadStates": "Interview Held"
							}
                                                        
                                                        ]
						},
						{
							"source": "Natural market",
							"leads": [
							{
								"leadId": "288566",
								"leadName": "Swatiben N Panvhal",
								"lastName": "",
								"leadCreationDate": "2015-12-03T10:55:19.2030000Z",
								"filterDate": "2015-12-27T05:30:00.0000000Z",
								"currentDisposition": "Open",
								"contactNumber": "8140234639",
								"emailId": "keshardeodosharma@gmail.com",
								"leadCategory": "Open Market ",
								"expectedAFYP": "85000",
								"currentLeadStates": "URN Generated"
							},
							{
								"leadId": "226969",
								"leadName": "Mahesh Khodifad",
								"lastName": "",
								"leadCreationDate": "2015-08-23T17:20:28.2870000Z",
								"filterDate": "2015-08-25T05:30:00.0000000Z",
								"currentDisposition": "Open",
								"contactNumber": "9429112059",
								"emailId": "mahesh.khodifad@yahoo.com",
								"leadCategory": "Open Market ",
								"expectedAFYP": "85000",
								"currentLeadStates": "URN Generated"
							},
							{
								"leadId": "295063",
								"leadName": "Moin Khan",
								"lastName": "",
								"leadCreationDate": "2015-12-09T13:05:57.6170000Z",
								"filterDate": "2015-12-09T05:30:00.0000000Z",
								"currentDisposition": "Open",
								"contactNumber": "9904943214",
								"emailId": "keshardeodosharma@gmail.com",
								"leadCategory": "Open Market ",
								"expectedAFYP": "85000",
								"currentLeadStates": "Contracted"
							},
							{
								"leadId": "190237",
								"leadName": "Atulbhai Radadia",
								"lastName": "",
								"leadCreationDate": "2015-07-21T12:35:02.0600000Z",
								"filterDate": "2015-08-25T05:30:00.0000000Z",
								"currentDisposition": "Open",
								"contactNumber": "9426332947",
								"emailId": "keshardeodosharma@gmail.com",
								"leadCategory": "Open Market ",
								"expectedAFYP": "85000",
								"currentLeadStates": "Contracted"
							},
							{
								"leadId": "190238",
								"leadName": "Rakeshkumar Upadhyay",
								"lastName": "",
								"leadCreationDate": "2015-07-21T12:35:01.8800000Z",
								"filterDate": "2015-07-21T05:30:00.0000000Z",
								"currentDisposition": "Open",
								"contactNumber": "8530165274",
								"emailId": "keshardeodosharma@gmail.com",
								"leadCategory": "Open Market ",
								"expectedAFYP": "85000",
								"currentLeadStates": "Contracted"
							},
							{
								"leadId": "279678",
								"leadName": "Nitin Vaswani",
								"lastName": "",
								"leadCreationDate": "2015-11-20T18:13:09.8700000Z",
								"filterDate": "2015-11-20T05:30:00.0000000Z",
								"currentDisposition": "Open",
								"contactNumber": "9904079898",
								"emailId": "keshardeodosharma@gmail.com",
								"leadCategory": "Open Market ",
								"expectedAFYP": "85000",
								"currentLeadStates": "Contracted"
							},
							{
								"leadId": "231740",
								"leadName": "Rushiraj Barot",
								"lastName": "",
								"leadCreationDate": "2015-09-02T17:12:09.9630000Z",
								"filterDate": "2015-09-02T05:30:00.0000000Z",
								"currentDisposition": "Open",
								"contactNumber": "9909996602",
								"emailId": "rushiraj.barot@gmail.com",
								"leadCategory": "Open Market ",
								"expectedAFYP": "85000",
								"currentLeadStates": "Contracted"
							},
							{
								"leadId": "270290",
								"leadName": "Menka",
								"lastName": "",
								"leadCreationDate": "2015-11-07T18:24:11.0570000Z",
								"filterDate": "2015-11-07T05:30:00.0000000Z",
								"currentDisposition": "Open",
								"contactNumber": "8000442672",
								"emailId": "keshardeodosharma@gmail.com",
								"leadCategory": "Open Market ",
								"expectedAFYP": "85000",
								"currentLeadStates": "Prospect Leads Collected"
							},
							{
								"leadId": "272789",
								"leadName": "Nilam Thakkar",
								"lastName": "",
								"leadCreationDate": "2015-11-11T18:57:47.6430000Z",
								"filterDate": "2015-11-17T05:30:00.0000000Z",
								"currentDisposition": "Open",
								"contactNumber": "9898397337",
								"emailId": "keshardeodosharma@gmail.com",
								"leadCategory": "Open Market ",
								"expectedAFYP": "85000",
								"currentLeadStates": "Seminar Done"
							},
							{
								"leadId": "240036",
								"leadName": "Mauna deepak patel",
								"lastName": "",
								"leadCreationDate": "2015-09-12T16:38:25.2800000Z",
								"filterDate": "2015-09-12T05:30:00.0000000Z",
								"currentDisposition": "Open",
								"contactNumber": "9409457334",
								"emailId": "keshardeodosharma@gmail.com",
								"leadCategory": "Open Market ",
								"expectedAFYP": "85000",
								"currentLeadStates": "Seminar Done"
							},
							{
								"leadId": "240037",
								"leadName": "Vandani Rameshbhai Priyani",
								"lastName": "",
								"leadCreationDate": "2015-09-12T16:38:26.9270000Z",
								"filterDate": "2015-09-12T05:30:00.0000000Z",
								"currentDisposition": "Open",
								"contactNumber": "9725200677",
								"emailId": "keshardeodosharma@gmail.com",
								"leadCategory": "Open Market ",
								"expectedAFYP": "85000",
								"currentLeadStates": "Seminar Done"
							},
							{
								"leadId": "241109",
								"leadName": "Jayesh N thakkar",
								"lastName": "",
								"leadCreationDate": "2015-09-15T16:44:05.5670000Z",
								"filterDate": "2015-09-15T05:30:00.0000000Z",
								"currentDisposition": "Open",
								"contactNumber": "9879261073",
								"emailId": "kjthakkar2000@yahoo.com",
								"leadCategory": "Open Market ",
								"expectedAFYP": "85000",
								"currentLeadStates": "Seminar Done"
							},
							{
								"leadId": "241374",
								"leadName": "Kanubhai Patel",
								"lastName": "",
								"leadCreationDate": "2015-09-15T17:56:43.4130000Z",
								"filterDate": "2015-09-15T05:30:00.0000000Z",
								"currentDisposition": "Open",
								"contactNumber": "8460305950",
								"emailId": "sakshi.patel2006@gmail.com",
								"leadCategory": "Open Market ",
								"expectedAFYP": "85000",
								"currentLeadStates": "Seminar Done"
							},
							{
								"leadId": "289271",
								"leadName": "F R Rana",
								"lastName": "",
								"leadCreationDate": "2015-12-04T09:09:21.6200000Z",
								"filterDate": "2015-12-09T05:30:00.0000000Z",
								"currentDisposition": "Open",
								"contactNumber": "9909953414",
								"emailId": "ranafr@indianoilcorporation.co.in",
								"leadCategory": "Open Market ",
								"expectedAFYP": "85000",
								"currentLeadStates": "Seminar Done"
							},
							{
								"leadId": "273130",
								"leadName": "Omprakash Choubisia",
								"lastName": "",
								"leadCreationDate": "2015-11-12T09:26:22.6730000Z",
								"filterDate": "2015-11-12T05:30:00.0000000Z",
								"currentDisposition": "Open",
								"contactNumber": "9173108046",
								"emailId": "keshardeodosharma@gmail.com",
								"leadCategory": "Open Market ",
								"expectedAFYP": "85000",
								"currentLeadStates": "Seminar Done"
							},
							{
								"leadId": "253934",
								"leadName": "Rajshree",
								"lastName": "",
								"leadCreationDate": "2015-10-11T09:20:38.0070000Z",
								"filterDate": "2015-10-14T05:30:00.0000000Z",
								"currentDisposition": "Closed",
								"contactNumber": "9510287144",
								"emailId": "keshardeodosharma@gmail.com",
								"leadCategory": "Open Market ",
								"expectedAFYP": "85000",
								"currentLeadStates": "Seminar Done"
							},
							{
								"leadId": "288219",
								"leadName": "Nitinbhai",
								"lastName": "",
								"leadCreationDate": "2015-12-02T16:33:37.4230000Z",
								"filterDate": "2015-12-02T05:30:00.0000000Z",
								"currentDisposition": "Closed",
								"contactNumber": "9377506893",
								"emailId": "keshardeodosharma@gmail.com",
								"leadCategory": "Open Market ",
								"expectedAFYP": "85000",
								"currentLeadStates": "Seminar Done"
							},
							{
								"leadId": "292019",
								"leadName": "Deepak Pathak",
								"lastName": "",
								"leadCreationDate": "2015-12-06T16:53:08.2870000Z",
								"filterDate": "2015-12-06T05:30:00.0000000Z",
								"currentDisposition": "Closed",
								"contactNumber": "9913195420",
								"emailId": "drpathak93@gmail.com",
								"leadCategory": "Open Market ",
								"expectedAFYP": "85000",
								"currentLeadStates": "Seminar Done"
							},
							{
								"leadId": "272782",
								"leadName": "Manju Kaushal",
								"lastName": "",
								"leadCreationDate": "2015-11-11T18:57:15.9270000Z",
								"filterDate": "2015-11-13T05:30:00.0000000Z",
								"currentDisposition": "Closed",
								"contactNumber": "9724302049",
								"emailId": "manjukaushal86@gmail.com",
								"leadCategory": "Open Market ",
								"expectedAFYP": "85000",
								"currentLeadStates": "Seminar Done"
							},
							{
								"leadId": "273131",
								"leadName": "Nehalben",
								"lastName": "",
								"leadCreationDate": "2015-11-12T09:26:22.7000000Z",
								"filterDate": "2015-11-13T05:30:00.0000000Z",
								"currentDisposition": "Closed",
								"contactNumber": "8980021825",
								"emailId": "keshardeodosharma@gmail.com",
								"leadCategory": "Open Market ",
								"expectedAFYP": "85000",
								"currentLeadStates": "Seminar Done"
							},
							{
								"leadId": "240020",
								"leadName": "Rupal desai",
								"lastName": "",
								"leadCreationDate": "2015-09-12T16:27:35.4530000Z",
								"filterDate": "2015-09-15T05:30:00.0000000Z",
								"currentDisposition": "Closed",
								"contactNumber": "9824064230",
								"emailId": "keshardeodosharma@gmail.com",
								"leadCategory": "Open Market ",
								"expectedAFYP": "85000",
								"currentLeadStates": "Seminar Done"
							},
							{
								"leadId": "287665",
								"leadName": "Sanjay Patel",
								"lastName": "",
								"leadCreationDate": "2015-12-01T17:44:34.8630000Z",
								"filterDate": "2015-12-01T05:30:00.0000000Z",
								"currentDisposition": "Generate URN",
								"contactNumber": "8401837305",
								"emailId": "keshardeodosharma@gmail.com",
								"leadCategory": "Open Market ",
								"currentLeadStates": "Seminar Done"
							},
							{
								"leadId": "198495",
								"leadName": "Phani Bhusan Mandal",
								"lastName": "",
								"leadCreationDate": "2015-08-02T18:43:51.1800000Z",
								"filterDate": "2015-08-02T05:30:00.0000000Z",
								"currentDisposition": "Open",
								"contactNumber": "9723762057",
								"emailId": "phanibmandal@gmail.com",
								"leadCategory": "Open Market ",
								"expectedAFYP": "85000",
								"currentLeadStates": "Seminar Done"
							}]
						},
						{
							"source": "Referral",
							"leads": [
							
							{
								"leadId": "239990",
								"leadName": "Gayatri",
								"lastName": "",
								"leadCreationDate": "2015-09-12T16:26:46.0570000Z",
								"filterDate": "2015-10-08T05:30:00.0000000Z",
								"currentDisposition": "Closed",
								"contactNumber": "9974170197",
								"emailId": "keshardeodosharma@gmail.com",
								"leadCategory": "Open Market ",
								"expectedAFYP": "85000",
								"currentLeadStates": "URN Generated"
							},
							{
								"leadId": "240016",
								"leadName": "Nikita Patel",
								"lastName": "",
								"leadCreationDate": "2015-09-12T16:27:29.2430000Z",
								"filterDate": "2015-10-08T05:30:00.0000000Z",
								"currentDisposition": "Closed",
								"contactNumber": "9898815537",
								"emailId": "keshardeodosharma@gmail.com",
								"leadCategory": "Open Market ",
								"expectedAFYP": "85000",
								"currentLeadStates": "URN Generated"
							},
							{
								"leadId": "161884",
								"leadName": "Girish Santani",
								"lastName": "",
								"leadCreationDate": "2015-06-18T10:46:48.9200000Z",
								"filterDate": "2015-10-16T05:30:00.0000000Z",
								"currentDisposition": "Open",
								"contactNumber": "9227428178",
								"emailId": "keshardeodosharma@gmail.com",
								"leadCategory": "Open Market ",
								"expectedAFYP": "85000",
								"currentLeadStates": "URN Generated"
							},
							{
								"leadId": "258029",
								"leadName": "Rajshree Rathod",
								"lastName": "",
								"leadCreationDate": "2015-10-15T18:17:15.5800000Z",
								"filterDate": "2015-11-01T05:30:00.0000000Z",
								"currentDisposition": "Open",
								"contactNumber": "9375988219",
								"emailId": "keshardeodosharma@gmail.com",
								"leadCategory": "Open Market ",
								"expectedAFYP": "85000",
								"currentLeadStates": "NAT Done"
							},
							{
								"leadId": "253943",
								"leadName": "Ami Rana",
								"lastName": "",
								"leadCreationDate": "2015-10-11T09:24:45.8130000Z",
								"filterDate": "2015-11-17T10:11:51.0000000Z",
								"currentDisposition": "Closed",
								"contactNumber": "9824982890",
								"emailId": "keshardeodosharma@gmail.com",
								"leadCategory": "Open Market ",
								"expectedAFYP": "85000",
								"currentLeadStates": "NAT Done"
							},
							{
								"leadId": "239990",
								"leadName": "Gayatri",
								"lastName": "",
								"leadCreationDate": "2015-09-12T16:26:46.0570000Z",
								"filterDate": "2015-11-17T10:11:51.0000000Z",
								"currentDisposition": "Closed",
								"contactNumber": "9974170197",
								"emailId": "keshardeodosharma@gmail.com",
								"leadCategory": "Open Market ",
								"expectedAFYP": "85000",
								"currentLeadStates": "NAT Done"
							},
							{
								"leadId": "240016",
								"leadName": "Nikita Patel",
								"lastName": "",
								"leadCreationDate": "2015-09-12T16:27:29.2430000Z",
								"filterDate": "2015-11-17T10:11:51.0000000Z",
								"currentDisposition": "Closed",
								"contactNumber": "9898815537",
								"emailId": "keshardeodosharma@gmail.com",
								"leadCategory": "Open Market ",
								"expectedAFYP": "85000",
								"currentLeadStates": "NAT Done"
							},
							{
								"leadId": "161884",
								"leadName": "Girish Santani",
								"lastName": "",
								"leadCreationDate": "2015-06-18T10:46:48.9200000Z",
								"filterDate": "2015-11-21T19:18:44.0000000Z",
								"currentDisposition": "Open",
								"contactNumber": "9227428178",
								"emailId": "keshardeodosharma@gmail.com",
								"leadCategory": "Open Market ",
								"expectedAFYP": "85000",
								"currentLeadStates": "NAT Done"
							},
							{
								"leadId": "161884",
								"leadName": "Girish Santani",
								"lastName": "",
								"leadCreationDate": "2015-06-18T10:46:48.9200000Z",
								"filterDate": "2015-11-18T05:30:00.0000000Z",
								"currentDisposition": "Open",
								"contactNumber": "9227428178",
								"emailId": "keshardeodosharma@gmail.com",
								"leadCategory": "Open Market ",
								"expectedAFYP": "85000",
								"currentLeadStates": "Interview Held"
							},
							{
								"leadId": "161884",
								"leadName": "Girish Santani",
								"lastName": "",
								"leadCreationDate": "2015-06-18T10:46:48.9200000Z",
								"filterDate": "2015-06-06T05:30:00.0000000Z",
								"currentDisposition": "Open",
								"contactNumber": "9227428178",
								"emailId": "keshardeodosharma@gmail.com",
								"leadCategory": "Open Market ",
								"expectedAFYP": "85000",
								"currentLeadStates": "URN Generated"
							}]
						}]
					}],
					"careerSeminarsSummary": [
					{
						"month": "Dec",
						"year": "2015",
						"csScheduled": [{
							"leadId": "281591",
							"leadName": "Dhrasduti Shah",
							"lastName": "",
							"leadCreationDate": "2015-11-22T17:03:09.9700000Z",
							"currentDisposition": "Open",
							"contactNumber": "9998636466",
							"emailId": "keshardeodosharma@gmail.com",
							"csScheduleDate": "2015-11-24T05:30:00.0000000Z",
							"csDoneDate": "",
							"leadSource": "Tablet Referral"
						},
                                                {
							"leadId": "281591",
							"leadName": "Dhrasduti Shah",
							"lastName": "",
							"leadCreationDate": "2015-11-22T17:03:09.9700000Z",
							"currentDisposition": "Open",
							"contactNumber": "9998636466",
							"emailId": "keshardeodosharma@gmail.com",
							"csScheduleDate": "2015-11-24T05:30:00.0000000Z",
							"csDoneDate": "",
							"leadSource": "Tablet Referral"
						},
                                                {
							"leadId": "281591",
							"leadName": "Dhrasduti Shah",
							"lastName": "",
							"leadCreationDate": "2015-11-22T17:03:09.9700000Z",
							"currentDisposition": "Open",
							"contactNumber": "9998636466",
							"emailId": "keshardeodosharma@gmail.com",
							"csScheduleDate": "2015-11-24T05:30:00.0000000Z",
							"csDoneDate": "",
							"leadSource": "Tablet Referral"
						},
                                                {
							"leadId": "281591",
							"leadName": "Dhrasduti Shah",
							"lastName": "",
							"leadCreationDate": "2015-11-22T17:03:09.9700000Z",
							"currentDisposition": "Open",
							"contactNumber": "9998636466",
							"emailId": "keshardeodosharma@gmail.com",
							"csScheduleDate": "2015-11-24T05:30:00.0000000Z",
							"csDoneDate": "",
							"leadSource": "Tablet Referral"
						}],
						"csDone": [{
							"leadId": "285673",
							"leadName": "Vanasddana Dave",
							"lastName": "",
							"leadCreationDate": "2015-11-27T19:26:45.6100000Z",
							"currentDisposition": "Open",
							"contactNumber": "9900070930",
							"emailId": "keshardeodosharma@gmail.com",
							"csScheduleDate": "2015-11-29T05:30:00.0000000Z",
							"csDoneDate": "2015-11-29T05:30:00.0000000Z",
							"leadSource": "Natural Market"
						}]
					},
                                        {
						"month": "Nov",
						"year": "2015",
						"csScheduled": [{
							"leadId": "281591",
							"leadName": "Dhruasdti Shah",
							"lastName": "",
							"leadCreationDate": "2015-11-22T17:03:09.9700000Z",
							"currentDisposition": "Open",
							"contactNumber": "9998636466",
							"emailId": "keshardeodosharma@gmail.com",
							"csScheduleDate": "2015-11-24T05:30:00.0000000Z",
							"csDoneDate": "",
							"leadSource": "Tablet Referral"
						}],
						"csDone": [{
							"leadId": "285673",
							"leadName": "Vanasddana Dave",
							"lastName": "",
							"leadCreationDate": "2015-11-27T19:26:45.6100000Z",
							"currentDisposition": "Open",
							"contactNumber": "9900070930",
							"emailId": "keshardeodosharma@gmail.com",
							"csScheduleDate": "2015-11-29T05:30:00.0000000Z",
							"csDoneDate": "2015-11-29T05:30:00.0000000Z",
							"leadSource": "Natural Market"
						},
                                                {
							"leadId": "285673",
							"leadName": "Vanasddana Dave",
							"lastName": "",
							"leadCreationDate": "2015-11-27T19:26:45.6100000Z",
							"currentDisposition": "Open",
							"contactNumber": "9900070930",
							"emailId": "keshardeodosharma@gmail.com",
							"csScheduleDate": "2015-11-29T05:30:00.0000000Z",
							"csDoneDate": "2015-11-29T05:30:00.0000000Z",
							"leadSource": "Natural Market"
						},
                                                {
							"leadId": "285673",
							"leadName": "Vanasddana Dave",
							"lastName": "",
							"leadCreationDate": "2015-11-27T19:26:45.6100000Z",
							"currentDisposition": "Open",
							"contactNumber": "9900070930",
							"emailId": "keshardeodosharma@gmail.com",
							"csScheduleDate": "2015-11-29T05:30:00.0000000Z",
							"csDoneDate": "2015-11-29T05:30:00.0000000Z",
							"leadSource": "Natural Market"
						},
                                                {
							"leadId": "285673",
							"leadName": "Vanasddana Dave",
							"lastName": "",
							"leadCreationDate": "2015-11-27T19:26:45.6100000Z",
							"currentDisposition": "Open",
							"contactNumber": "9900070930",
							"emailId": "keshardeodosharma@gmail.com",
							"csScheduleDate": "2015-11-29T05:30:00.0000000Z",
							"csDoneDate": "2015-11-29T05:30:00.0000000Z",
							"leadSource": "Natural Market"
						},
                                                {
							"leadId": "285673",
							"leadName": "Vanasddana Dave",
							"lastName": "",
							"leadCreationDate": "2015-11-27T19:26:45.6100000Z",
							"currentDisposition": "Open",
							"contactNumber": "9900070930",
							"emailId": "keshardeodosharma@gmail.com",
							"csScheduleDate": "2015-11-29T05:30:00.0000000Z",
							"csDoneDate": "2015-11-29T05:30:00.0000000Z",
							"leadSource": "Natural Market"
						}]
					},
                                        {
						"month": "Oct",
						"year": "2015",
						"csScheduled": [{
							"leadId": "281591",
							"leadName": "Dhrasduti Shah",
							"lastName": "",
							"leadCreationDate": "2015-11-22T17:03:09.9700000Z",
							"currentDisposition": "Open",
							"contactNumber": "9998636466",
							"emailId": "keshardeodosharma@gmail.com",
							"csScheduleDate": "2015-11-24T05:30:00.0000000Z",
							"csDoneDate": "",
							"leadSource": "Tablet Referral"
						},
                                                {
							"leadId": "281591",
							"leadName": "Dhrasduti Shah",
							"lastName": "",
							"leadCreationDate": "2015-11-22T17:03:09.9700000Z",
							"currentDisposition": "Open",
							"contactNumber": "9998636466",
							"emailId": "keshardeodosharma@gmail.com",
							"csScheduleDate": "2015-11-24T05:30:00.0000000Z",
							"csDoneDate": "",
							"leadSource": "Tablet Referral"
						},
                                                {
							"leadId": "281591",
							"leadName": "Dhrasduti Shah",
							"lastName": "",
							"leadCreationDate": "2015-11-22T17:03:09.9700000Z",
							"currentDisposition": "Open",
							"contactNumber": "9998636466",
							"emailId": "keshardeodosharma@gmail.com",
							"csScheduleDate": "2015-11-24T05:30:00.0000000Z",
							"csDoneDate": "",
							"leadSource": "Tablet Referral"
						},
                                                {
							"leadId": "281591",
							"leadName": "Dhrasduti Shah",
							"lastName": "",
							"leadCreationDate": "2015-11-22T17:03:09.9700000Z",
							"currentDisposition": "Open",
							"contactNumber": "9998636466",
							"emailId": "keshardeodosharma@gmail.com",
							"csScheduleDate": "2015-11-24T05:30:00.0000000Z",
							"csDoneDate": "",
							"leadSource": "Tablet Referral"
						},
                                                {
							"leadId": "281591",
							"leadName": "Dhrasduti Shah",
							"lastName": "",
							"leadCreationDate": "2015-11-22T17:03:09.9700000Z",
							"currentDisposition": "Open",
							"contactNumber": "9998636466",
							"emailId": "keshardeodosharma@gmail.com",
							"csScheduleDate": "2015-11-24T05:30:00.0000000Z",
							"csDoneDate": "",
							"leadSource": "Tablet Referral"
						},
                                                {
							"leadId": "281591",
							"leadName": "Dhrasduti Shah",
							"lastName": "",
							"leadCreationDate": "2015-11-22T17:03:09.9700000Z",
							"currentDisposition": "Open",
							"contactNumber": "9998636466",
							"emailId": "keshardeodosharma@gmail.com",
							"csScheduleDate": "2015-11-24T05:30:00.0000000Z",
							"csDoneDate": "",
							"leadSource": "Tablet Referral"
						}],
						"csDone": [{
							"leadId": "285673",
							"leadName": "Vandasddana Dave",
							"lastName": "",
							"leadCreationDate": "2015-11-27T19:26:45.6100000Z",
							"currentDisposition": "Open",
							"contactNumber": "9900070930",
							"emailId": "keshardeodosharma@gmail.com",
							"csScheduleDate": "2015-11-29T05:30:00.0000000Z",
							"csDoneDate": "2015-11-29T05:30:00.0000000Z",
							"leadSource": "Natural Market"
						},
                                                {
							"leadId": "285673",
							"leadName": "Vandasddana Dave",
							"lastName": "",
							"leadCreationDate": "2015-11-27T19:26:45.6100000Z",
							"currentDisposition": "Open",
							"contactNumber": "9900070930",
							"emailId": "keshardeodosharma@gmail.com",
							"csScheduleDate": "2015-11-29T05:30:00.0000000Z",
							"csDoneDate": "2015-11-29T05:30:00.0000000Z",
							"leadSource": "Natural Market"
						},
                                                {
							"leadId": "285673",
							"leadName": "Vandasddana Dave",
							"lastName": "",
							"leadCreationDate": "2015-11-27T19:26:45.6100000Z",
							"currentDisposition": "Open",
							"contactNumber": "9900070930",
							"emailId": "keshardeodosharma@gmail.com",
							"csScheduleDate": "2015-11-29T05:30:00.0000000Z",
							"csDoneDate": "2015-11-29T05:30:00.0000000Z",
							"leadSource": "Natural Market"
						},
                                                {
							"leadId": "285673",
							"leadName": "Vandasddana Dave",
							"lastName": "",
							"leadCreationDate": "2015-11-27T19:26:45.6100000Z",
							"currentDisposition": "Open",
							"contactNumber": "9900070930",
							"emailId": "keshardeodosharma@gmail.com",
							"csScheduleDate": "2015-11-29T05:30:00.0000000Z",
							"csDoneDate": "2015-11-29T05:30:00.0000000Z",
							"leadSource": "Natural Market"
						},
                                                {
							"leadId": "285673",
							"leadName": "Vandasddana Dave",
							"lastName": "",
							"leadCreationDate": "2015-11-27T19:26:45.6100000Z",
							"currentDisposition": "Open",
							"contactNumber": "9900070930",
							"emailId": "keshardeodosharma@gmail.com",
							"csScheduleDate": "2015-11-29T05:30:00.0000000Z",
							"csDoneDate": "2015-11-29T05:30:00.0000000Z",
							"leadSource": "Natural Market"
						}]
					},
                                        {
						"month": "Jan",
						"year": "2015",
						"csScheduled": [{
							"leadId": "281591",
							"leadName": "Dhasdruti Shah",
							"lastName": "",
							"leadCreationDate": "2015-11-22T17:03:09.9700000Z",
							"currentDisposition": "Open",
							"contactNumber": "9998636466",
							"emailId": "keshardeodosharma@gmail.com",
							"csScheduleDate": "2015-11-24T05:30:00.0000000Z",
							"csDoneDate": "",
							"leadSource": "Tablet Referral"
						},
                                                {
							"leadId": "281591",
							"leadName": "Dhasdruti Shah",
							"lastName": "",
							"leadCreationDate": "2015-11-22T17:03:09.9700000Z",
							"currentDisposition": "Open",
							"contactNumber": "9998636466",
							"emailId": "keshardeodosharma@gmail.com",
							"csScheduleDate": "2015-11-24T05:30:00.0000000Z",
							"csDoneDate": "",
							"leadSource": "Tablet Referral"
						},
                                                {
							"leadId": "281591",
							"leadName": "Dhasdruti Shah",
							"lastName": "",
							"leadCreationDate": "2015-11-22T17:03:09.9700000Z",
							"currentDisposition": "Open",
							"contactNumber": "9998636466",
							"emailId": "keshardeodosharma@gmail.com",
							"csScheduleDate": "2015-11-24T05:30:00.0000000Z",
							"csDoneDate": "",
							"leadSource": "Tablet Referral"
						},
                                                {
							"leadId": "281591",
							"leadName": "Dhasdruti Shah",
							"lastName": "",
							"leadCreationDate": "2015-11-22T17:03:09.9700000Z",
							"currentDisposition": "Open",
							"contactNumber": "9998636466",
							"emailId": "keshardeodosharma@gmail.com",
							"csScheduleDate": "2015-11-24T05:30:00.0000000Z",
							"csDoneDate": "",
							"leadSource": "Tablet Referral"
						},
                                                {
							"leadId": "281591",
							"leadName": "Dhasdruti Shah",
							"lastName": "",
							"leadCreationDate": "2015-11-22T17:03:09.9700000Z",
							"currentDisposition": "Open",
							"contactNumber": "9998636466",
							"emailId": "keshardeodosharma@gmail.com",
							"csScheduleDate": "2015-11-24T05:30:00.0000000Z",
							"csDoneDate": "",
							"leadSource": "Tablet Referral"
						}],
						"csDone": [{
							"leadId": "285673",
							"leadName": "Vandasdana Dave",
							"lastName": "",
							"leadCreationDate": "2015-11-27T19:26:45.6100000Z",
							"currentDisposition": "Open",
							"contactNumber": "9900070930",
							"emailId": "keshardeodosharma@gmail.com",
							"csScheduleDate": "2015-11-29T05:30:00.0000000Z",
							"csDoneDate": "2015-11-29T05:30:00.0000000Z",
							"leadSource": "Natural Market"
						},
                                                {
							"leadId": "285673",
							"leadName": "Vandasdana Dave",
							"lastName": "",
							"leadCreationDate": "2015-11-27T19:26:45.6100000Z",
							"currentDisposition": "Open",
							"contactNumber": "9900070930",
							"emailId": "keshardeodosharma@gmail.com",
							"csScheduleDate": "2015-11-29T05:30:00.0000000Z",
							"csDoneDate": "2015-11-29T05:30:00.0000000Z",
							"leadSource": "Natural Market"
						},
                                                {
							"leadId": "285673",
							"leadName": "Vandasdana Dave",
							"lastName": "",
							"leadCreationDate": "2015-11-27T19:26:45.6100000Z",
							"currentDisposition": "Open",
							"contactNumber": "9900070930",
							"emailId": "keshardeodosharma@gmail.com",
							"csScheduleDate": "2015-11-29T05:30:00.0000000Z",
							"csDoneDate": "2015-11-29T05:30:00.0000000Z",
							"leadSource": "Natural Market"
						},
                                                {
							"leadId": "285673",
							"leadName": "Vandasdana Dave",
							"lastName": "",
							"leadCreationDate": "2015-11-27T19:26:45.6100000Z",
							"currentDisposition": "Open",
							"contactNumber": "9900070930",
							"emailId": "keshardeodosharma@gmail.com",
							"csScheduleDate": "2015-11-29T05:30:00.0000000Z",
							"csDoneDate": "2015-11-29T05:30:00.0000000Z",
							"leadSource": "Natural Market"
						},
                                                {
							"leadId": "285673",
							"leadName": "Vandasdana Dave",
							"lastName": "",
							"leadCreationDate": "2015-11-27T19:26:45.6100000Z",
							"currentDisposition": "Open",
							"contactNumber": "9900070930",
							"emailId": "keshardeodosharma@gmail.com",
							"csScheduleDate": "2015-11-29T05:30:00.0000000Z",
							"csDoneDate": "2015-11-29T05:30:00.0000000Z",
							"leadSource": "Natural Market"
						}]
					},
                                        {
						"month": "Feb",
						"year": "2015",
						"csScheduled": [{
							"leadId": "281591",
							"leadName": "Dhdasdruti Shah",
							"lastName": "",
							"leadCreationDate": "2015-11-22T17:03:09.9700000Z",
							"currentDisposition": "Open",
							"contactNumber": "9998636466",
							"emailId": "keshardeodosharma@gmail.com",
							"csScheduleDate": "2015-11-24T05:30:00.0000000Z",
							"csDoneDate": "",
							"leadSource": "Tablet Referral"
						},
                                                {
							"leadId": "281591",
							"leadName": "Dhdasdruti Shah",
							"lastName": "",
							"leadCreationDate": "2015-11-22T17:03:09.9700000Z",
							"currentDisposition": "Open",
							"contactNumber": "9998636466",
							"emailId": "keshardeodosharma@gmail.com",
							"csScheduleDate": "2015-11-24T05:30:00.0000000Z",
							"csDoneDate": "",
							"leadSource": "Tablet Referral"
						},
                                                {
							"leadId": "281591",
							"leadName": "Dhdasdruti Shah",
							"lastName": "",
							"leadCreationDate": "2015-11-22T17:03:09.9700000Z",
							"currentDisposition": "Open",
							"contactNumber": "9998636466",
							"emailId": "keshardeodosharma@gmail.com",
							"csScheduleDate": "2015-11-24T05:30:00.0000000Z",
							"csDoneDate": "",
							"leadSource": "Tablet Referral"
						},
                                                {
							"leadId": "281591",
							"leadName": "Dhdasdruti Shah",
							"lastName": "",
							"leadCreationDate": "2015-11-22T17:03:09.9700000Z",
							"currentDisposition": "Open",
							"contactNumber": "9998636466",
							"emailId": "keshardeodosharma@gmail.com",
							"csScheduleDate": "2015-11-24T05:30:00.0000000Z",
							"csDoneDate": "",
							"leadSource": "Tablet Referral"
						},
                                                {
							"leadId": "281591",
							"leadName": "Dhdasdruti Shah",
							"lastName": "",
							"leadCreationDate": "2015-11-22T17:03:09.9700000Z",
							"currentDisposition": "Open",
							"contactNumber": "9998636466",
							"emailId": "keshardeodosharma@gmail.com",
							"csScheduleDate": "2015-11-24T05:30:00.0000000Z",
							"csDoneDate": "",
							"leadSource": "Tablet Referral"
						},
                                                {
							"leadId": "281591",
							"leadName": "Dhdasdruti Shah",
							"lastName": "",
							"leadCreationDate": "2015-11-22T17:03:09.9700000Z",
							"currentDisposition": "Open",
							"contactNumber": "9998636466",
							"emailId": "keshardeodosharma@gmail.com",
							"csScheduleDate": "2015-11-24T05:30:00.0000000Z",
							"csDoneDate": "",
							"leadSource": "Tablet Referral"
						},
                                                {
							"leadId": "281591",
							"leadName": "Dhdasdruti Shah",
							"lastName": "",
							"leadCreationDate": "2015-11-22T17:03:09.9700000Z",
							"currentDisposition": "Open",
							"contactNumber": "9998636466",
							"emailId": "keshardeodosharma@gmail.com",
							"csScheduleDate": "2015-11-24T05:30:00.0000000Z",
							"csDoneDate": "",
							"leadSource": "Tablet Referral"
						},
                                                {
							"leadId": "281591",
							"leadName": "Dhdasdruti Shah",
							"lastName": "",
							"leadCreationDate": "2015-11-22T17:03:09.9700000Z",
							"currentDisposition": "Open",
							"contactNumber": "9998636466",
							"emailId": "keshardeodosharma@gmail.com",
							"csScheduleDate": "2015-11-24T05:30:00.0000000Z",
							"csDoneDate": "",
							"leadSource": "Tablet Referral"
						}],
						"csDone": [{
							"leadId": "285673",
							"leadName": "Vandadasdna Dave",
							"lastName": "",
							"leadCreationDate": "2015-11-27T19:26:45.6100000Z",
							"currentDisposition": "Open",
							"contactNumber": "9900070930",
							"emailId": "keshardeodosharma@gmail.com",
							"csScheduleDate": "2015-11-29T05:30:00.0000000Z",
							"csDoneDate": "2015-11-29T05:30:00.0000000Z",
							"leadSource": "Natural Market"
						},
                                                {
							"leadId": "285673",
							"leadName": "Vandadasdna Dave",
							"lastName": "",
							"leadCreationDate": "2015-11-27T19:26:45.6100000Z",
							"currentDisposition": "Open",
							"contactNumber": "9900070930",
							"emailId": "keshardeodosharma@gmail.com",
							"csScheduleDate": "2015-11-29T05:30:00.0000000Z",
							"csDoneDate": "2015-11-29T05:30:00.0000000Z",
							"leadSource": "Natural Market"
						},
                                                {
							"leadId": "285673",
							"leadName": "Vandadasdna Dave",
							"lastName": "",
							"leadCreationDate": "2015-11-27T19:26:45.6100000Z",
							"currentDisposition": "Open",
							"contactNumber": "9900070930",
							"emailId": "keshardeodosharma@gmail.com",
							"csScheduleDate": "2015-11-29T05:30:00.0000000Z",
							"csDoneDate": "2015-11-29T05:30:00.0000000Z",
							"leadSource": "Natural Market"
						},
                                                {
							"leadId": "285673",
							"leadName": "Vandadasdna Dave",
							"lastName": "",
							"leadCreationDate": "2015-11-27T19:26:45.6100000Z",
							"currentDisposition": "Open",
							"contactNumber": "9900070930",
							"emailId": "keshardeodosharma@gmail.com",
							"csScheduleDate": "2015-11-29T05:30:00.0000000Z",
							"csDoneDate": "2015-11-29T05:30:00.0000000Z",
							"leadSource": "Natural Market"
						},{
							"leadId": "285673",
							"leadName": "Vandadasdna Dave",
							"lastName": "",
							"leadCreationDate": "2015-11-27T19:26:45.6100000Z",
							"currentDisposition": "Open",
							"contactNumber": "9900070930",
							"emailId": "keshardeodosharma@gmail.com",
							"csScheduleDate": "2015-11-29T05:30:00.0000000Z",
							"csDoneDate": "2015-11-29T05:30:00.0000000Z",
							"leadSource": "Natural Market"
						},
                                                {
							"leadId": "285673",
							"leadName": "Vandadasdna Dave",
							"lastName": "",
							"leadCreationDate": "2015-11-27T19:26:45.6100000Z",
							"currentDisposition": "Open",
							"contactNumber": "9900070930",
							"emailId": "keshardeodosharma@gmail.com",
							"csScheduleDate": "2015-11-29T05:30:00.0000000Z",
							"csDoneDate": "2015-11-29T05:30:00.0000000Z",
							"leadSource": "Natural Market"
						},
                                                {
							"leadId": "285673",
							"leadName": "Vandadasdna Dave",
							"lastName": "",
							"leadCreationDate": "2015-11-27T19:26:45.6100000Z",
							"currentDisposition": "Open",
							"contactNumber": "9900070930",
							"emailId": "keshardeodosharma@gmail.com",
							"csScheduleDate": "2015-11-29T05:30:00.0000000Z",
							"csDoneDate": "2015-11-29T05:30:00.0000000Z",
							"leadSource": "Natural Market"
						},
                                                {
							"leadId": "285673",
							"leadName": "Vandadasdna Dave",
							"lastName": "",
							"leadCreationDate": "2015-11-27T19:26:45.6100000Z",
							"currentDisposition": "Open",
							"contactNumber": "9900070930",
							"emailId": "keshardeodosharma@gmail.com",
							"csScheduleDate": "2015-11-29T05:30:00.0000000Z",
							"csDoneDate": "2015-11-29T05:30:00.0000000Z",
							"leadSource": "Natural Market"
						},
                                                {
							"leadId": "285673",
							"leadName": "Vandadasdna Dave",
							"lastName": "",
							"leadCreationDate": "2015-11-27T19:26:45.6100000Z",
							"currentDisposition": "Open",
							"contactNumber": "9900070930",
							"emailId": "keshardeodosharma@gmail.com",
							"csScheduleDate": "2015-11-29T05:30:00.0000000Z",
							"csDoneDate": "2015-11-29T05:30:00.0000000Z",
							"leadSource": "Natural Market"
						}]
					},
                                        {
						"month": "Mar",
						"year": "2015",
						"csScheduled": [{
							"leadId": "281591",
							"leadName": "Dasdhruti Shah",
							"lastName": "",
							"leadCreationDate": "2015-11-22T17:03:09.9700000Z",
							"currentDisposition": "Open",
							"contactNumber": "9998636466",
							"emailId": "keshardeodosharma@gmail.com",
							"csScheduleDate": "2015-11-24T05:30:00.0000000Z",
							"csDoneDate": "",
							"leadSource": "Tablet Referral"
						},
                                                {
							"leadId": "281591",
							"leadName": "Dasdhruti Shah",
							"lastName": "",
							"leadCreationDate": "2015-11-22T17:03:09.9700000Z",
							"currentDisposition": "Open",
							"contactNumber": "9998636466",
							"emailId": "keshardeodosharma@gmail.com",
							"csScheduleDate": "2015-11-24T05:30:00.0000000Z",
							"csDoneDate": "",
							"leadSource": "Tablet Referral"
						},
                                                {
							"leadId": "281591",
							"leadName": "Dasdhruti Shah",
							"lastName": "",
							"leadCreationDate": "2015-11-22T17:03:09.9700000Z",
							"currentDisposition": "Open",
							"contactNumber": "9998636466",
							"emailId": "keshardeodosharma@gmail.com",
							"csScheduleDate": "2015-11-24T05:30:00.0000000Z",
							"csDoneDate": "",
							"leadSource": "Tablet Referral"
						}],
						"csDone": [{
							"leadId": "285673",
							"leadName": "Vasandana Dave",
							"lastName": "",
							"leadCreationDate": "2015-11-27T19:26:45.6100000Z",
							"currentDisposition": "Open",
							"contactNumber": "9900070930",
							"emailId": "keshardeodosharma@gmail.com",
							"csScheduleDate": "2015-11-29T05:30:00.0000000Z",
							"csDoneDate": "2015-11-29T05:30:00.0000000Z",
							"leadSource": "Natural Market"
						},
                                                {
							"leadId": "285673",
							"leadName": "Vasandana Dave",
							"lastName": "",
							"leadCreationDate": "2015-11-27T19:26:45.6100000Z",
							"currentDisposition": "Open",
							"contactNumber": "9900070930",
							"emailId": "keshardeodosharma@gmail.com",
							"csScheduleDate": "2015-11-29T05:30:00.0000000Z",
							"csDoneDate": "2015-11-29T05:30:00.0000000Z",
							"leadSource": "Natural Market"
						},
                                                {

							"leadId": "285673",
							"leadName": "Vasandana Dave",
							"lastName": "",
							"leadCreationDate": "2015-11-27T19:26:45.6100000Z",
							"currentDisposition": "Open",
							"contactNumber": "9900070930",
							"emailId": "keshardeodosharma@gmail.com",
							"csScheduleDate": "2015-11-29T05:30:00.0000000Z",
							"csDoneDate": "2015-11-29T05:30:00.0000000Z",
							"leadSource": "Natural Market"
						}]
					},
                                        {

						"month": "May",
						"year": "2015",
						"csScheduled": [{
							"leadId": "281591",
							"leadName": "Dhrasuti Shah",
							"lastName": "",
							"leadCreationDate": "2015-11-22T17:03:09.9700000Z",
							"currentDisposition": "Open",
							"contactNumber": "9998636466",
							"emailId": "keshardeodosharma@gmail.com",
							"csScheduleDate": "2015-11-24T05:30:00.0000000Z",
							"csDoneDate": "",
							"leadSource": "Tablet Referral"
						},
                                                {
							"leadId": "281591",
							"leadName": "Dhrasuti Shah",
							"lastName": "",
							"leadCreationDate": "2015-11-22T17:03:09.9700000Z",
							"currentDisposition": "Open",
							"contactNumber": "9998636466",
							"emailId": "keshardeodosharma@gmail.com",
							"csScheduleDate": "2015-11-24T05:30:00.0000000Z",
							"csDoneDate": "",
							"leadSource": "Tablet Referral"
						}],
						"csDone": [{
							"leadId": "285673",
							"leadName": "Vanasdana Dave",
							"lastName": "",
							"leadCreationDate": "2015-11-27T19:26:45.6100000Z",
							"currentDisposition": "Open",
							"contactNumber": "9900070930",
							"emailId": "keshardeodosharma@gmail.com",
							"csScheduleDate": "2015-11-29T05:30:00.0000000Z",
							"csDoneDate": "2015-11-29T05:30:00.0000000Z",
							"leadSource": "Natural Market"
						}]
					},
					{
						"month": "Jun",
						"year": "2015",
						"csScheduled": [{
							"leadId": "128839",
							"leadName": "Nepaseta Makwana",
							"lastName": "",
							"leadCreationDate": "2015-05-02T19:47:02.1000000Z",
							"currentDisposition": "Open",
							"contactNumber": "9723548588",
							"emailId": "keshardeodosharma@gmail.com",
							"csScheduleDate": "2015-05-07T05:30:00.0000000Z",
							"csDoneDate": "",
							"leadSource": "Tablet Referral"
						},
                                                {
							"leadId": "128839",
							"leadName": "Nepaseta Makwana",
							"lastName": "",
							"leadCreationDate": "2015-05-02T19:47:02.1000000Z",
							"currentDisposition": "Open",
							"contactNumber": "9723548588",
							"emailId": "keshardeodosharma@gmail.com",
							"csScheduleDate": "2015-05-07T05:30:00.0000000Z",
							"csDoneDate": "",
							"leadSource": "Tablet Referral"
						}],
						"csDone": [
                                                    {
							"leadId": "285673",
							"leadName": "Vanasdana Dave",
							"lastName": "",
							"leadCreationDate": "2015-11-27T19:26:45.6100000Z",
							"currentDisposition": "Open",
							"contactNumber": "9900070930",
							"emailId": "keshardeodosharma@gmail.com",
							"csScheduleDate": "2015-11-29T05:30:00.0000000Z",
							"csDoneDate": "2015-11-29T05:30:00.0000000Z",
							"leadSource": "Natural Market"
						},
                                                {
							"leadId": "285673",
							"leadName": "Vanasdana Dave",
							"lastName": "",
							"leadCreationDate": "2015-11-27T19:26:45.6100000Z",
							"currentDisposition": "Open",
							"contactNumber": "9900070930",
							"emailId": "keshardeodosharma@gmail.com",
							"csScheduleDate": "2015-11-29T05:30:00.0000000Z",
							"csDoneDate": "2015-11-29T05:30:00.0000000Z",
							"leadSource": "Natural Market"
						},
{
							"leadId": "285673",
							"leadName": "Vanasdana Dave",
							"lastName": "",
							"leadCreationDate": "2015-11-27T19:26:45.6100000Z",
							"currentDisposition": "Open",
							"contactNumber": "9900070930",
							"emailId": "keshardeodosharma@gmail.com",
							"csScheduleDate": "2015-11-29T05:30:00.0000000Z",
							"csDoneDate": "2015-11-29T05:30:00.0000000Z",
							"leadSource": "Natural Market"
						},
                                                {
							"leadId": "285673",
							"leadName": "Vanasdana Dave",
							"lastName": "",
							"leadCreationDate": "2015-11-27T19:26:45.6100000Z",
							"currentDisposition": "Open",
							"contactNumber": "9900070930",
							"emailId": "keshardeodosharma@gmail.com",
							"csScheduleDate": "2015-11-29T05:30:00.0000000Z",
							"csDoneDate": "2015-11-29T05:30:00.0000000Z",
							"leadSource": "Natural Market"
						}
                                                ]
					},
                                        
					{
						"month": "Aug",
						"year": "2015",
						"csScheduled": [{
							"leadId": "128839",
							"leadName": "Nepetaa Makwana",
							"lastName": "",
							"leadCreationDate": "2015-05-02T19:47:02.1000000Z",
							"currentDisposition": "Open",
							"contactNumber": "9723548588",
							"emailId": "keshardeodosharma@gmail.com",
							"csScheduleDate": "2015-05-07T05:30:00.0000000Z",
							"csDoneDate": "",
							"leadSource": "Tablet Referral"
						}],
						"csDone": []
					}],
					"careerInterviewsSummary": [{
						"month": "Dec",
						"year": "2015",
						"ciScheduled": [{
							"leadId": "273130",
							"leadName": "Omprakash Choubisia",
							"lastName": "",
							"leadCreationDate": "2015-11-12T09:26:22.6730000Z",
							"currentDisposition": "Open",
							"contactNumber": "9173108046",
							"emailId": "keshardeodosharma@gmail.com",
							"ciScheduleDate": "2015-11-20T05:30:00.0000000Z",
							"ciDoneDate": "2015-11-20T05:30:00.0000000Z",
							"leadSource": "Natural Market"
						},
                                                {
							"leadId": "273130",
							"leadName": "Omprakash Choubisia",
							"lastName": "",
							"leadCreationDate": "2015-11-12T09:26:22.6730000Z",
							"currentDisposition": "Open",
							"contactNumber": "9173108046",
							"emailId": "keshardeodosharma@gmail.com",
							"ciScheduleDate": "2015-11-20T05:30:00.0000000Z",
							"ciDoneDate": "2015-11-20T05:30:00.0000000Z",
							"leadSource": "Natural Market"
						},
                                                {
							"leadId": "273130",
							"leadName": "Omprakash Choubisia",
							"lastName": "",
							"leadCreationDate": "2015-11-12T09:26:22.6730000Z",
							"currentDisposition": "Open",
							"contactNumber": "9173108046",
							"emailId": "keshardeodosharma@gmail.com",
							"ciScheduleDate": "2015-11-20T05:30:00.0000000Z",
							"ciDoneDate": "2015-11-20T05:30:00.0000000Z",
							"leadSource": "Natural Market"
						},
                                                {
							"leadId": "273130",
							"leadName": "Omprakash Choubisia",
							"lastName": "",
							"leadCreationDate": "2015-11-12T09:26:22.6730000Z",
							"currentDisposition": "Open",
							"contactNumber": "9173108046",
							"emailId": "keshardeodosharma@gmail.com",
							"ciScheduleDate": "2015-11-20T05:30:00.0000000Z",
							"ciDoneDate": "2015-11-20T05:30:00.0000000Z",
							"leadSource": "Natural Market"
						},
                                                {
							"leadId": "273130",
							"leadName": "Omprakash Choubisia",
							"lastName": "",
							"leadCreationDate": "2015-11-12T09:26:22.6730000Z",
							"currentDisposition": "Open",
							"contactNumber": "9173108046",
							"emailId": "keshardeodosharma@gmail.com",
							"ciScheduleDate": "2015-11-20T05:30:00.0000000Z",
							"ciDoneDate": "2015-11-20T05:30:00.0000000Z",
							"leadSource": "Natural Market"
						}],
						"ciDone": [{
							"leadId": "273130",
							"leadName": "gsgsgsg",
							"lastName": "",
							"leadCreationDate": "2015-11-12T09:26:22.6730000Z",
							"currentDisposition": "Open",
							"contactNumber": "9173108046",
							"emailId": "keshardeodosharma@gmail.com",
							"ciScheduleDate": "2015-11-20T05:30:00.0000000Z",
							"ciDoneDate": "2015-11-20T05:30:00.0000000Z",
							"leadSource": "Natural Market"
						},
                                                {
							"leadId": "273130",
							"leadName": "gsgsgsg",
							"lastName": "",
							"leadCreationDate": "2015-11-12T09:26:22.6730000Z",
							"currentDisposition": "Open",
							"contactNumber": "9173108046",
							"emailId": "keshardeodosharma@gmail.com",
							"ciScheduleDate": "2015-11-20T05:30:00.0000000Z",
							"ciDoneDate": "2015-11-20T05:30:00.0000000Z",
							"leadSource": "Natural Market"
						},
                                                {
							"leadId": "273130",
							"leadName": "gsgsgsg",
							"lastName": "",
							"leadCreationDate": "2015-11-12T09:26:22.6730000Z",
							"currentDisposition": "Open",
							"contactNumber": "9173108046",
							"emailId": "keshardeodosharma@gmail.com",
							"ciScheduleDate": "2015-11-20T05:30:00.0000000Z",
							"ciDoneDate": "2015-11-20T05:30:00.0000000Z",
							"leadSource": "Natural Market"
						},
                                                {
							"leadId": "273130",
							"leadName": "gsgsgsg",
							"lastName": "",
							"leadCreationDate": "2015-11-12T09:26:22.6730000Z",
							"currentDisposition": "Open",
							"contactNumber": "9173108046",
							"emailId": "keshardeodosharma@gmail.com",
							"ciScheduleDate": "2015-11-20T05:30:00.0000000Z",
							"ciDoneDate": "2015-11-20T05:30:00.0000000Z",
							"leadSource": "Natural Market"
						},
                                                {
							"leadId": "273130",
							"leadName": "gsgsgsg",
							"lastName": "",
							"leadCreationDate": "2015-11-12T09:26:22.6730000Z",
							"currentDisposition": "Open",
							"contactNumber": "9173108046",
							"emailId": "keshardeodosharma@gmail.com",
							"ciScheduleDate": "2015-11-20T05:30:00.0000000Z",
							"ciDoneDate": "2015-11-20T05:30:00.0000000Z",
							"leadSource": "Natural Market"
						},
                                                {
							"leadId": "273130",
							"leadName": "gsgsgsg",
							"lastName": "",
							"leadCreationDate": "2015-11-12T09:26:22.6730000Z",
							"currentDisposition": "Open",
							"contactNumber": "9173108046",
							"emailId": "keshardeodosharma@gmail.com",
							"ciScheduleDate": "2015-11-20T05:30:00.0000000Z",
							"ciDoneDate": "2015-11-20T05:30:00.0000000Z",
							"leadSource": "Natural Market"
						},
                                                {
							"leadId": "273130",
							"leadName": "gsgsgsg",
							"lastName": "",
							"leadCreationDate": "2015-11-12T09:26:22.6730000Z",
							"currentDisposition": "Open",
							"contactNumber": "9173108046",
							"emailId": "keshardeodosharma@gmail.com",
							"ciScheduleDate": "2015-11-20T05:30:00.0000000Z",
							"ciDoneDate": "2015-11-20T05:30:00.0000000Z",
							"leadSource": "Natural Market"
						}]
					},
                                        {
						"month": "Oct",
						"year": "2015",
						"ciScheduled": [{
							"leadId": "273130",
							"leadName": "Omprakash Choubisia",
							"lastName": "",
							"leadCreationDate": "2015-11-12T09:26:22.6730000Z",
							"currentDisposition": "Open",
							"contactNumber": "9173108046",
							"emailId": "keshardeodosharma@gmail.com",
							"ciScheduleDate": "2015-11-20T05:30:00.0000000Z",
							"ciDoneDate": "2015-11-20T05:30:00.0000000Z",
							"leadSource": "Natural Market"
						},
                                                {
							"leadId": "273130",
							"leadName": "Omprakash Choubisia",
							"lastName": "",
							"leadCreationDate": "2015-11-12T09:26:22.6730000Z",
							"currentDisposition": "Open",
							"contactNumber": "9173108046",
							"emailId": "keshardeodosharma@gmail.com",
							"ciScheduleDate": "2015-11-20T05:30:00.0000000Z",
							"ciDoneDate": "2015-11-20T05:30:00.0000000Z",
							"leadSource": "Natural Market"
						},
                                                {
							"leadId": "273130",
							"leadName": "Omprakash Choubisia",
							"lastName": "",
							"leadCreationDate": "2015-11-12T09:26:22.6730000Z",
							"currentDisposition": "Open",
							"contactNumber": "9173108046",
							"emailId": "keshardeodosharma@gmail.com",
							"ciScheduleDate": "2015-11-20T05:30:00.0000000Z",
							"ciDoneDate": "2015-11-20T05:30:00.0000000Z",
							"leadSource": "Natural Market"
						},
                                                {
							"leadId": "273130",
							"leadName": "Omprakash Choubisia",
							"lastName": "",
							"leadCreationDate": "2015-11-12T09:26:22.6730000Z",
							"currentDisposition": "Open",
							"contactNumber": "9173108046",
							"emailId": "keshardeodosharma@gmail.com",
							"ciScheduleDate": "2015-11-20T05:30:00.0000000Z",
							"ciDoneDate": "2015-11-20T05:30:00.0000000Z",
							"leadSource": "Natural Market"
						},
                                                {
							"leadId": "273130",
							"leadName": "Omprakash Choubisia",
							"lastName": "",
							"leadCreationDate": "2015-11-12T09:26:22.6730000Z",
							"currentDisposition": "Open",
							"contactNumber": "9173108046",
							"emailId": "keshardeodosharma@gmail.com",
							"ciScheduleDate": "2015-11-20T05:30:00.0000000Z",
							"ciDoneDate": "2015-11-20T05:30:00.0000000Z",
							"leadSource": "Natural Market"
						},
                                                {
							"leadId": "273130",
							"leadName": "Omprakash Choubisia",
							"lastName": "",
							"leadCreationDate": "2015-11-12T09:26:22.6730000Z",
							"currentDisposition": "Open",
							"contactNumber": "9173108046",
							"emailId": "keshardeodosharma@gmail.com",
							"ciScheduleDate": "2015-11-20T05:30:00.0000000Z",
							"ciDoneDate": "2015-11-20T05:30:00.0000000Z",
							"leadSource": "Natural Market"
						}],
						"ciDone": [{
							"leadId": "273130",
							"leadName": "gsgsgsg",
							"lastName": "",
							"leadCreationDate": "2015-11-12T09:26:22.6730000Z",
							"currentDisposition": "Open",
							"contactNumber": "9173108046",
							"emailId": "keshardeodosharma@gmail.com",
							"ciScheduleDate": "2015-11-20T05:30:00.0000000Z",
							"ciDoneDate": "2015-11-20T05:30:00.0000000Z",
							"leadSource": "Natural Market"
						},
                                                {
							"leadId": "273130",
							"leadName": "gsgsgsg",
							"lastName": "",
							"leadCreationDate": "2015-11-12T09:26:22.6730000Z",
							"currentDisposition": "Open",
							"contactNumber": "9173108046",
							"emailId": "keshardeodosharma@gmail.com",
							"ciScheduleDate": "2015-11-20T05:30:00.0000000Z",
							"ciDoneDate": "2015-11-20T05:30:00.0000000Z",
							"leadSource": "Natural Market"
						},
                                                {
							"leadId": "273130",
							"leadName": "gsgsgsg",
							"lastName": "",
							"leadCreationDate": "2015-11-12T09:26:22.6730000Z",
							"currentDisposition": "Open",
							"contactNumber": "9173108046",
							"emailId": "keshardeodosharma@gmail.com",
							"ciScheduleDate": "2015-11-20T05:30:00.0000000Z",
							"ciDoneDate": "2015-11-20T05:30:00.0000000Z",
							"leadSource": "Natural Market"
						},
                                                {
							"leadId": "273130",
							"leadName": "gsgsgsg",
							"lastName": "",
							"leadCreationDate": "2015-11-12T09:26:22.6730000Z",
							"currentDisposition": "Open",
							"contactNumber": "9173108046",
							"emailId": "keshardeodosharma@gmail.com",
							"ciScheduleDate": "2015-11-20T05:30:00.0000000Z",
							"ciDoneDate": "2015-11-20T05:30:00.0000000Z",
							"leadSource": "Natural Market"
						},
                                                {
							"leadId": "273130",
							"leadName": "gsgsgsg",
							"lastName": "",
							"leadCreationDate": "2015-11-12T09:26:22.6730000Z",
							"currentDisposition": "Open",
							"contactNumber": "9173108046",
							"emailId": "keshardeodosharma@gmail.com",
							"ciScheduleDate": "2015-11-20T05:30:00.0000000Z",
							"ciDoneDate": "2015-11-20T05:30:00.0000000Z",
							"leadSource": "Natural Market"
						},
                                                {
							"leadId": "273130",
							"leadName": "gsgsgsg",
							"lastName": "",
							"leadCreationDate": "2015-11-12T09:26:22.6730000Z",
							"currentDisposition": "Open",
							"contactNumber": "9173108046",
							"emailId": "keshardeodosharma@gmail.com",
							"ciScheduleDate": "2015-11-20T05:30:00.0000000Z",
							"ciDoneDate": "2015-11-20T05:30:00.0000000Z",
							"leadSource": "Natural Market"
						}]
					},
                                        {
						"month": "Nov",
						"year": "2015",
						"ciScheduled": [{
							"leadId": "273130",
							"leadName": "Omprakash Choubisia",
							"lastName": "",
							"leadCreationDate": "2015-11-12T09:26:22.6730000Z",
							"currentDisposition": "Open",
							"contactNumber": "9173108046",
							"emailId": "keshardeodosharma@gmail.com",
							"ciScheduleDate": "2015-11-20T05:30:00.0000000Z",
							"ciDoneDate": "2015-11-20T05:30:00.0000000Z",
							"leadSource": "Natural Market"
						},
                                                {
							"leadId": "273130",
							"leadName": "Omprakash Choubisia",
							"lastName": "",
							"leadCreationDate": "2015-11-12T09:26:22.6730000Z",
							"currentDisposition": "Open",
							"contactNumber": "9173108046",
							"emailId": "keshardeodosharma@gmail.com",
							"ciScheduleDate": "2015-11-20T05:30:00.0000000Z",
							"ciDoneDate": "2015-11-20T05:30:00.0000000Z",
							"leadSource": "Natural Market"
						},
                                                {
							"leadId": "273130",
							"leadName": "Omprakash Choubisia",
							"lastName": "",
							"leadCreationDate": "2015-11-12T09:26:22.6730000Z",
							"currentDisposition": "Open",
							"contactNumber": "9173108046",
							"emailId": "keshardeodosharma@gmail.com",
							"ciScheduleDate": "2015-11-20T05:30:00.0000000Z",
							"ciDoneDate": "2015-11-20T05:30:00.0000000Z",
							"leadSource": "Natural Market"
						},
                                                {
							"leadId": "273130",
							"leadName": "Omprakash Choubisia",
							"lastName": "",
							"leadCreationDate": "2015-11-12T09:26:22.6730000Z",
							"currentDisposition": "Open",
							"contactNumber": "9173108046",
							"emailId": "keshardeodosharma@gmail.com",
							"ciScheduleDate": "2015-11-20T05:30:00.0000000Z",
							"ciDoneDate": "2015-11-20T05:30:00.0000000Z",
							"leadSource": "Natural Market"
						},
                                                {
							"leadId": "273130",
							"leadName": "Omprakash Choubisia",
							"lastName": "",
							"leadCreationDate": "2015-11-12T09:26:22.6730000Z",
							"currentDisposition": "Open",
							"contactNumber": "9173108046",
							"emailId": "keshardeodosharma@gmail.com",
							"ciScheduleDate": "2015-11-20T05:30:00.0000000Z",
							"ciDoneDate": "2015-11-20T05:30:00.0000000Z",
							"leadSource": "Natural Market"
						},
                                                {
							"leadId": "273130",
							"leadName": "Omprakash Choubisia",
							"lastName": "",
							"leadCreationDate": "2015-11-12T09:26:22.6730000Z",
							"currentDisposition": "Open",
							"contactNumber": "9173108046",
							"emailId": "keshardeodosharma@gmail.com",
							"ciScheduleDate": "2015-11-20T05:30:00.0000000Z",
							"ciDoneDate": "2015-11-20T05:30:00.0000000Z",
							"leadSource": "Natural Market"
						}],
						"ciDone": [{
							"leadId": "273130",
							"leadName": "gsgsgsg",
							"lastName": "",
							"leadCreationDate": "2015-11-12T09:26:22.6730000Z",
							"currentDisposition": "Open",
							"contactNumber": "9173108046",
							"emailId": "keshardeodosharma@gmail.com",
							"ciScheduleDate": "2015-11-20T05:30:00.0000000Z",
							"ciDoneDate": "2015-11-20T05:30:00.0000000Z",
							"leadSource": "Natural Market"
						},
                                                {
							"leadId": "273130",
							"leadName": "gsgsgsg",
							"lastName": "",
							"leadCreationDate": "2015-11-12T09:26:22.6730000Z",
							"currentDisposition": "Open",
							"contactNumber": "9173108046",
							"emailId": "keshardeodosharma@gmail.com",
							"ciScheduleDate": "2015-11-20T05:30:00.0000000Z",
							"ciDoneDate": "2015-11-20T05:30:00.0000000Z",
							"leadSource": "Natural Market"
						},
                                                {
							"leadId": "273130",
							"leadName": "gsgsgsg",
							"lastName": "",
							"leadCreationDate": "2015-11-12T09:26:22.6730000Z",
							"currentDisposition": "Open",
							"contactNumber": "9173108046",
							"emailId": "keshardeodosharma@gmail.com",
							"ciScheduleDate": "2015-11-20T05:30:00.0000000Z",
							"ciDoneDate": "2015-11-20T05:30:00.0000000Z",
							"leadSource": "Natural Market"
						},
                                                {
							"leadId": "273130",
							"leadName": "gsgsgsg",
							"lastName": "",
							"leadCreationDate": "2015-11-12T09:26:22.6730000Z",
							"currentDisposition": "Open",
							"contactNumber": "9173108046",
							"emailId": "keshardeodosharma@gmail.com",
							"ciScheduleDate": "2015-11-20T05:30:00.0000000Z",
							"ciDoneDate": "2015-11-20T05:30:00.0000000Z",
							"leadSource": "Natural Market"
						},
                                                {
							"leadId": "273130",
							"leadName": "gsgsgsg",
							"lastName": "",
							"leadCreationDate": "2015-11-12T09:26:22.6730000Z",
							"currentDisposition": "Open",
							"contactNumber": "9173108046",
							"emailId": "keshardeodosharma@gmail.com",
							"ciScheduleDate": "2015-11-20T05:30:00.0000000Z",
							"ciDoneDate": "2015-11-20T05:30:00.0000000Z",
							"leadSource": "Natural Market"
						},
                                                {
							"leadId": "273130",
							"leadName": "gsgsgsg",
							"lastName": "",
							"leadCreationDate": "2015-11-12T09:26:22.6730000Z",
							"currentDisposition": "Open",
							"contactNumber": "9173108046",
							"emailId": "keshardeodosharma@gmail.com",
							"ciScheduleDate": "2015-11-20T05:30:00.0000000Z",
							"ciDoneDate": "2015-11-20T05:30:00.0000000Z",
							"leadSource": "Natural Market"
						}]
					},
                                        {
						"month": "Jun",
						"year": "2015",
						"ciScheduled": [{
							"leadId": "273130",
							"leadName": "Omprakash Choubisia",
							"lastName": "",
							"leadCreationDate": "2015-11-12T09:26:22.6730000Z",
							"currentDisposition": "Open",
							"contactNumber": "9173108046",
							"emailId": "keshardeodosharma@gmail.com",
							"ciScheduleDate": "2015-11-20T05:30:00.0000000Z",
							"ciDoneDate": "2015-11-20T05:30:00.0000000Z",
							"leadSource": "Natural Market"
						},
                                                {
							"leadId": "273130",
							"leadName": "Omprakash Choubisia",
							"lastName": "",
							"leadCreationDate": "2015-11-12T09:26:22.6730000Z",
							"currentDisposition": "Open",
							"contactNumber": "9173108046",
							"emailId": "keshardeodosharma@gmail.com",
							"ciScheduleDate": "2015-11-20T05:30:00.0000000Z",
							"ciDoneDate": "2015-11-20T05:30:00.0000000Z",
							"leadSource": "Natural Market"
						},
                                                {
							"leadId": "273130",
							"leadName": "Omprakash Choubisia",
							"lastName": "",
							"leadCreationDate": "2015-11-12T09:26:22.6730000Z",
							"currentDisposition": "Open",
							"contactNumber": "9173108046",
							"emailId": "keshardeodosharma@gmail.com",
							"ciScheduleDate": "2015-11-20T05:30:00.0000000Z",
							"ciDoneDate": "2015-11-20T05:30:00.0000000Z",
							"leadSource": "Natural Market"
						}],
						"ciDone": [{
							"leadId": "273130",
							"leadName": "gsgsgsg",
							"lastName": "",
							"leadCreationDate": "2015-11-12T09:26:22.6730000Z",
							"currentDisposition": "Open",
							"contactNumber": "9173108046",
							"emailId": "keshardeodosharma@gmail.com",
							"ciScheduleDate": "2015-11-20T05:30:00.0000000Z",
							"ciDoneDate": "2015-11-20T05:30:00.0000000Z",
							"leadSource": "Natural Market"
						},{
							"leadId": "273130",
							"leadName": "gsgsgsg",
							"lastName": "",
							"leadCreationDate": "2015-11-12T09:26:22.6730000Z",
							"currentDisposition": "Open",
							"contactNumber": "9173108046",
							"emailId": "keshardeodosharma@gmail.com",
							"ciScheduleDate": "2015-11-20T05:30:00.0000000Z",
							"ciDoneDate": "2015-11-20T05:30:00.0000000Z",
							"leadSource": "Natural Market"
						},{
							"leadId": "273130",
							"leadName": "gsgsgsg",
							"lastName": "",
							"leadCreationDate": "2015-11-12T09:26:22.6730000Z",
							"currentDisposition": "Open",
							"contactNumber": "9173108046",
							"emailId": "keshardeodosharma@gmail.com",
							"ciScheduleDate": "2015-11-20T05:30:00.0000000Z",
							"ciDoneDate": "2015-11-20T05:30:00.0000000Z",
							"leadSource": "Natural Market"
						}]
					},
                                        {
						"month": "Aug",
						"year": "2015",
						"ciScheduled": [{
							"leadId": "273130",
							"leadName": "Omprakash Choubisia",
							"lastName": "",
							"leadCreationDate": "2015-11-12T09:26:22.6730000Z",
							"currentDisposition": "Open",
							"contactNumber": "9173108046",
							"emailId": "keshardeodosharma@gmail.com",
							"ciScheduleDate": "2015-11-20T05:30:00.0000000Z",
							"ciDoneDate": "2015-11-20T05:30:00.0000000Z",
							"leadSource": "Natural Market"
						}],
						"ciDone": [{
							"leadId": "273130",
							"leadName": "gsgsgsg",
							"lastName": "",
							"leadCreationDate": "2015-11-12T09:26:22.6730000Z",
							"currentDisposition": "Open",
							"contactNumber": "9173108046",
							"emailId": "keshardeodosharma@gmail.com",
							"ciScheduleDate": "2015-11-20T05:30:00.0000000Z",
							"ciDoneDate": "2015-11-20T05:30:00.0000000Z",
							"leadSource": "Natural Market"
						}]
					},
                                        {
						"month": "Jan",
						"year": "2015",
						"ciScheduled": [{
							"leadId": "273130",
							"leadName": "Omprakash Choubisia",
							"lastName": "",
							"leadCreationDate": "2015-11-12T09:26:22.6730000Z",
							"currentDisposition": "Open",
							"contactNumber": "9173108046",
							"emailId": "keshardeodosharma@gmail.com",
							"ciScheduleDate": "2015-11-20T05:30:00.0000000Z",
							"ciDoneDate": "2015-11-20T05:30:00.0000000Z",
							"leadSource": "Natural Market"
						},
                                                {
							"leadId": "273130",
							"leadName": "Omprakash Choubisia",
							"lastName": "",
							"leadCreationDate": "2015-11-12T09:26:22.6730000Z",
							"currentDisposition": "Open",
							"contactNumber": "9173108046",
							"emailId": "keshardeodosharma@gmail.com",
							"ciScheduleDate": "2015-11-20T05:30:00.0000000Z",
							"ciDoneDate": "2015-11-20T05:30:00.0000000Z",
							"leadSource": "Natural Market"
						},
                                                {
							"leadId": "273130",
							"leadName": "Omprakash Choubisia",
							"lastName": "",
							"leadCreationDate": "2015-11-12T09:26:22.6730000Z",
							"currentDisposition": "Open",
							"contactNumber": "9173108046",
							"emailId": "keshardeodosharma@gmail.com",
							"ciScheduleDate": "2015-11-20T05:30:00.0000000Z",
							"ciDoneDate": "2015-11-20T05:30:00.0000000Z",
							"leadSource": "Natural Market"
						},
                                                {
							"leadId": "273130",
							"leadName": "Omprakash Choubisia",
							"lastName": "",
							"leadCreationDate": "2015-11-12T09:26:22.6730000Z",
							"currentDisposition": "Open",
							"contactNumber": "9173108046",
							"emailId": "keshardeodosharma@gmail.com",
							"ciScheduleDate": "2015-11-20T05:30:00.0000000Z",
							"ciDoneDate": "2015-11-20T05:30:00.0000000Z",
							"leadSource": "Natural Market"
						},
                                                {
							"leadId": "273130",
							"leadName": "Omprakash Choubisia",
							"lastName": "",
							"leadCreationDate": "2015-11-12T09:26:22.6730000Z",
							"currentDisposition": "Open",
							"contactNumber": "9173108046",
							"emailId": "keshardeodosharma@gmail.com",
							"ciScheduleDate": "2015-11-20T05:30:00.0000000Z",
							"ciDoneDate": "2015-11-20T05:30:00.0000000Z",
							"leadSource": "Natural Market"
						}],
						"ciDone": [{
							"leadId": "273130",
							"leadName": "gsgsgsg",
							"lastName": "",
							"leadCreationDate": "2015-11-12T09:26:22.6730000Z",
							"currentDisposition": "Open",
							"contactNumber": "9173108046",
							"emailId": "keshardeodosharma@gmail.com",
							"ciScheduleDate": "2015-11-20T05:30:00.0000000Z",
							"ciDoneDate": "2015-11-20T05:30:00.0000000Z",
							"leadSource": "Natural Market"
						},
                                                {
							"leadId": "273130",
							"leadName": "gsgsgsg",
							"lastName": "",
							"leadCreationDate": "2015-11-12T09:26:22.6730000Z",
							"currentDisposition": "Open",
							"contactNumber": "9173108046",
							"emailId": "keshardeodosharma@gmail.com",
							"ciScheduleDate": "2015-11-20T05:30:00.0000000Z",
							"ciDoneDate": "2015-11-20T05:30:00.0000000Z",
							"leadSource": "Natural Market"
						},
                                                {
							"leadId": "273130",
							"leadName": "gsgsgsg",
							"lastName": "",
							"leadCreationDate": "2015-11-12T09:26:22.6730000Z",
							"currentDisposition": "Open",
							"contactNumber": "9173108046",
							"emailId": "keshardeodosharma@gmail.com",
							"ciScheduleDate": "2015-11-20T05:30:00.0000000Z",
							"ciDoneDate": "2015-11-20T05:30:00.0000000Z",
							"leadSource": "Natural Market"
						}]
					},
                                        {
						"month": "Feb",
						"year": "2015",
						"ciScheduled": [{
							"leadId": "273130",
							"leadName": "Omprakash Choubisia",
							"lastName": "",
							"leadCreationDate": "2015-11-12T09:26:22.6730000Z",
							"currentDisposition": "Open",
							"contactNumber": "9173108046",
							"emailId": "keshardeodosharma@gmail.com",
							"ciScheduleDate": "2015-11-20T05:30:00.0000000Z",
							"ciDoneDate": "2015-11-20T05:30:00.0000000Z",
							"leadSource": "Natural Market"
						}],
						"ciDone": [{
							"leadId": "273130",
							"leadName": "gsgsgsg",
							"lastName": "",
							"leadCreationDate": "2015-11-12T09:26:22.6730000Z",
							"currentDisposition": "Open",
							"contactNumber": "9173108046",
							"emailId": "keshardeodosharma@gmail.com",
							"ciScheduleDate": "2015-11-20T05:30:00.0000000Z",
							"ciDoneDate": "2015-11-20T05:30:00.0000000Z",
							"leadSource": "Natural Market"
						}]
					}],
					"activities": [{
						"leadId": "1233454",
						"leadName": "Sanjay Sharma",
						"lastName": "Khdgan",
						"leadCreationDate": "2015-01-12T09:26:22.6730000Z",
						"currentDisposition": "Open",
						"contactNumber": "9314889569",
						"emailId": "sanjaysharma@gmail.com",
						"csciScheduleDate": "2015-01-03T09:26:22.6730000Z"
					},
                                        {
						"leadId": "1288754",
						"leadName": "Ajay Sharma",
						"lastName": "Khdgan",
						"leadCreationDate": "2015-12-12T09:26:22.6730000Z",
						"currentDisposition": "Open",
						"contactNumber": "9311159569",
						"emailId": "sanjaysharma@gmail.com",
						"csciScheduleDate": "2015-01-03T09:26:22.6730000Z"
					},
                                        {
						"leadId": "1233564",
						"leadName": "Kapil Sharma",
						"lastName": "Khdgan",
						"leadCreationDate": "2015-11-12T09:26:22.6730000Z",
						"currentDisposition": "Open",
						"contactNumber": "9322465956",
						"emailId": "sanjaysharma@gmail.com",
						"csciScheduleDate": "2015-01-03T09:26:22.6730000Z"
					},
                                        {
						"leadId": "1234334",
						"leadName": "Anupam Ghosh",
						"lastName": "Khdgan",
						"leadCreationDate": "2015-11-12T09:26:22.6730000Z",
						"currentDisposition": "Open",
						"contactNumber": "9884659569",
						"emailId": "sanjaysharma@gmail.com",
						"csciScheduleDate": "2015-01-03T09:26:22.6730000Z"
					},
                                        {
						"leadId": "1238534",
						"leadName": "Manoj Kumar",
						"lastName": "Khdgan",
						"leadCreationDate": "2015-11-12T09:26:22.6730000Z",
						"currentDisposition": "Open",
						"contactNumber": "9314659779",
						"emailId": "sanjaysharma@gmail.com",
						"csciScheduleDate": "2015-01-03T09:26:22.6730000Z"
					},
                                        {
						"leadId": "1237834",
						"leadName": "Ankan Kaur",
						"lastName": "Khdgan",
						"leadCreationDate": "2015-11-12T09:26:22.6730000Z",
						"currentDisposition": "Open",
						"contactNumber": "9314633569",
						"emailId": "sanjaysharma@gmail.com",
						"csciScheduleDate": "2015-01-03T09:26:22.6730000Z"
					},
                                        {
						"leadId": "1239634",
						"leadName": "Sanjay Kapoor",
						"lastName": "Khdgan",
						"leadCreationDate": "2015-11-12T09:26:22.6730000Z",
						"currentDisposition": "Open",
						"contactNumber": "9314119569",
						"emailId": "sanjaysharma@gmail.com",
						"csciScheduleDate": "2015-01-03T09:26:22.6730000Z"
					},
                                        {
						"leadId": "1238234",
						"leadName": "Varun Sharma",
						"lastName": "Khdgan",
						"leadCreationDate": "2015-01-12T09:26:22.6730000Z",
						"currentDisposition": "Open",
						"contactNumber": "9314009569",
						"emailId": "sanjaysharma@gmail.com",
						"csciScheduleDate": "2015-01-03T09:26:22.6730000Z"
					},
                                        {
						"leadId": "1278334",
						"leadName": "Sachin Jha",
						"lastName": "Khdgan",
						"leadCreationDate": "2015-11-12T09:26:22.6730000Z",
						"currentDisposition": "Open",
						"contactNumber": "9314019569",
						"emailId": "sanjaysharma@gmail.com",
						"csciScheduleDate": "2015-01-03T09:26:22.6730000Z"
					},
                                        {
						"leadId": "1235534",
						"leadName": "Rahul Prabhakar",
						"lastName": "Khdgan",
						"leadCreationDate": "2015-11-12T09:26:22.6730000Z",
						"currentDisposition": "Open",
						"contactNumber": "9353659569",
						"emailId": "sanjaysharma@gmail.com",
						"csciScheduleDate": "2015-01-03T09:26:22.6730000Z"
					}]
				}
			}]
		}
	}
}







