{
  "Response": {
    "ResponseInfo": {
      "UserName": "agent name",
      "CreationDate": "09-25-2013",
      "CreationTime": "12:15:54-04:00",
      "SourceInfoName": "tablet",
      "RequestorToken": "",
      "UserEmail": "test@gmail.com",
      "LastSyncDate": "09-25-2013 23:15:45"
    },
    "ResponsePayload": {
      "Transactions": [
        {
          "Key1": "tom",
          "Key2": "",
          "Key3": "",
          "Key4": "",
          "Key5": "",
          "Key6": "",
          "Key7": "",
          "Key8": "",
          "Key9": "",
          "Key10": "FullDetails",
          "Type": "MyEarnings",
          "TransTrackingID": "",
          "TransactionData": {
            "myEarningsByType": [
              {
                "type": "TDS Statements",
                "data": [
                  {
                    "disbursementDate": "2013-03-31T00:00:00.000Z",
                    "description": "TDS for March 2013",
                    "tdsDocServiceUrl": "https://tabuat.maxlifeinsurance.com/mservice/TDSAndIncentiveServlet?agentId=111441&seqID=145"
                  },
                  {
                    "disbursementDate": "2014-03-31T00:00:00.000Z",
                    "description": "TDS for March 2014",
                    "tdsDocServiceUrl": "https://tabuat.maxlifeinsurance.com/mservice/TDSAndIncentiveServlet?agentId=111441&seqID=143"
                  }
                ]
              }
            ]
          }
        }
      ]
    }
  }
}