{
    "Response": {
        "ResponseInfo": {
            "UserName": "agent name",
            "CreationDate": "09-25-2013",
            "CreationTime": "12:15:54-04:00",
            "SourceInfoName": "tablet",
            "RequestorToken": "",
            "UserEmail": "test@gmail.com",
            "LastSyncDateTime": "09-25-2013 23:15:45"
        },
        "ResponsePayload": {
            "Transactions": [
                {
                    "Id": "",
                    "Key1": "tom",
                    "Key2": "ssoId",
                    "Key3": "",
                    "Key4": "",
                    "Key5": "",
                    "Key6": "",
                    "Key7": "",
                    "Key8": "",
                    "Key9": "",
                    "Key10": "",
                    "Key12" : "",
                    "Key13" : "",
                    "Key14" : "",
                    "Key15" : "",
                    "Key16" : "",
                    "Key17" : "",
                    "Key18" : "",
                    "Key19" : "",
                    "Key20" : "",
                    "Key21" : "",
                    "Key22" : "",
                    "Key23" : "",
                    "Key24" : "",
                    "Key25" : "",
                    "Key26" : "",
                    "Key27" : "",
                    "Key28" : "",
                    "Key29" : "",
                    "Key30" : "",
                    "Type": "MyPerformanceOverview",
                    "TransTrackingID": "",
                    "TransactionData": {
                        "myPerformanceOverview": [
                            {
                                "type": "meetings",
                                "data": [
                                    {
                                        "month": "Jan",
                                        "count": "19"
                                    },
                                    {
                                        "month": "Feb",
                                        "count": "16"
                                    },
                                    {
                                        "month": "Mar",
                                        "count": "17"
                                    },
                                    {
                                        "month": "Apr",
                                        "count": "10"
                                    },
                                    {
                                        "month": "May",
                                        "count": "16"
                                    },
                                    {
                                        "month": "Jun",
                                        "count": "10"
                                    },
                                    {
                                        "month": "Jul",
                                        "count": "10"
                                    },
                                    {
                                        "month": "Aug",
                                        "count": "18"
                                    }
                                ]
                            },
                            {
                                "type": "logins",
                                "data": [
                                    {
                                        "month": "Jan",
                                        "count": "15"
                                    },
                                    {
                                        "month": "Feb",
                                        "count": "18"
                                    },
                                    {
                                        "month": "Mar",
                                        "count": "14"
                                    },
                                    {
                                        "month": "Apr",
                                        "count": "10"
                                    },
                                    {
                                        "month": "May",
                                        "count": "19"
                                    },
                                    {
                                        "month": "Jun",
                                        "count": "18"
                                    },
                                    {
                                        "month": "Jul",
                                        "count": "15"
                                    },
                                    {
                                        "month": "Aug",
                                        "count": "10"
                                    }
                                ]
                            },
                            {
                                "type": "issuance",
                                "data": [
                                     {
                                        "month": "Jan",
                                        "count": "14"
                                    },
                                    {
                                        "month": "Feb",
                                        "count": "17"
                                    },
                                    {
                                        "month": "Mar",
                                        "count": "14"
                                    },
                                    {
                                        "month": "Apr",
                                        "count": "18"
                                    },
                                    {
                                        "month": "May",
                                        "count": "18"
                                    },
                                    {
                                        "month": "Jun",
                                        "count": "18"
                                    },
                                    {
                                        "month": "Jul",
                                        "count": "14"
                                    },
                                    {
                                        "month": "Aug",
                                        "count": "10"
                                    }
                                ]
                            },
                            {
                                "type": "earnings",
                                "data": [
                                    {
                                        "month": "Jan",
                                        "count": "17"
                                    },
                                    {
                                        "month": "Feb",
                                        "count": "10"
                                    },
                                    {
                                        "month": "Mar",
                                        "count": "5"
                                    },
                                    {
                                        "month": "Apr",
                                        "count": "18"
                                    },
                                    {
                                        "month": "May",
                                        "count": "14"
                                    },
                                    {
                                        "month": "Jun",
                                        "count": "12"
                                    },
                                    {
                                        "month": "Jul",
                                        "count": "10"
                                    },
                                    {
                                        "month": "Aug",
                                        "count": "18"
                                    }
                                ]
                            }
                        ]
                    }
                }
            ]
        }
    }
}