{
	"Response": {
		"ResponsePayload": {
			"Transactions": [{
				"TransTrackingID": "",
				"TransactionData": {
					"myEarningsByType": [{
						"data": [{
							"schemeUploadedDate": "2013-03-31T00:00:00.000Z",
							"schemeDescription": "TDS for March 2013"
						},
						{
							"schemeUploadedDate": "2014-03-31T00:00:00.000Z",
							"schemeDescription": "TDS for March 2014"
						}],
						"type": "compensation Schemes"
					}]
				},
				"Key2": "",
				"Key1": "tom",
				"Key10": "FullDetails",
				"Key4": "",
				"Key3": "",
				"Type": "MyEarnings",
				"Key6": "",
				"Key5": "",
				"Key8": "",
				"Key7": "",
				"Key9": ""
			}]
		},
		"ResponseInfo": {
			"CreationTime": "12:15:54-04:00",
			"RequestorToken": "",
			"SourceInfoName": "tablet",
			"LastSyncDate": "09-25-2013 23:15:45",
			"CreationDate": "09-25-2013",
			"UserName": "agent name",
			"UserEmail": "test@gmail.com"
		}
	}
}