{
	"Response": {
		"ResponseInfo": {
			"UserName": "agent name",
			"CreationDate": "09-25-2013",
			"CreationTime": "12:15:54-04:00",
			"SourceInfoName": "tablet",
			"RequestorToken": "",
			"UserEmail": "test@gmail.com",
			"LastSyncDateTime": "09-25-2013 23:15:45"
		},
		"ResponsePayload": {
			"Transactions": [{
				"Id": "",
				"Key1": "tom",
				"Key2": "ssoId",
				"Key3": "",
				"Key4": "",
				"Key5": "",
				"Key6": "",
				"Key7": "",
				"Key8": "",
				"Key9": "",
				"Key10": "",
                "Key11" : "",
                "Key12" : "",
                "Key13" : "",
                "Key14" : "",
                "Key15" : "",
                "Key16" : "",
                "Key17" : "",
                "Key18" : "",
                "Key19" : "",
                "Key20" : "",
                "Key21" : "",
                "Key22" : "",
                "Key23" : "",
                "Key24" : "",
                "Key25" : "",
                "Key26" : "",
                "Key27" : "",
                "Key28" : "",
                "Key29" : "",
                "Key30" : "",
				"Type": "ADMDashboard",
				"TransTrackingID": "",
				"TransactionData": {
					"lastModified": "2015-01-10T00:00:00.000Z",
					"performaceByCategory": [{
						"category": "OverallPerformance",
						"data": [{
							"type": "KeyBusinessVectors",
							"data": [{
								"kpi": "Quality Recruitment",
								"mtd": "1.00",
								"ytd": "5.00",
								"standard": "4.00",
								"shortfallFromStandard": "0",
								"score": "4",
								"isRupee":false
							},
							{
								"kpi": "Active Agent Manmonth",
								"mtd": "11.10",
								"ytd": "81.00",
								"standard": "72",
								"shortfallFromStandard": "0",
								"score": "3.50",
								"isRupee":false
							},
							{
								"kpi": "Paid Cases",
								"mtd": "52.10",
								"ytd": "380.00",
								"standard": "NA",
								"shortfallFromStandard": "NA",
								"score": "NA",
								"isRupee":"false"
							},
							{
								"kpi": "Adj. MFYP",
								"mtd": "12.00",
								"ytd": "102.00",
								"standard": "34.00",
								"shortfallFromStandard": "0",
								"score": "4.00",
								"isRupee":true
							},
							{
								"kpi": "AFYP",
								"mtd": "52.10",
								"ytd": "380.00",
								"standard": "NA",
								"shortfallFromStandard": "NA",
								"score": "NA",
								"isRupee":true
							},
							{
								"kpi": "Collections",
								"mtd": "1.00",
								"ytd": "5.00",
								"standard": "4.00",
								"shortfallFromStandard": "0",
								"score": "4",
								"isRupee":true
							},
							{
								"kpi": "Total GPA",
								"mtd": "4.00",
								"ytd": "4.00",
								"standard": "NA",
								"shortfallFromStandard": "NA",
								"score": "4.00",
								"isRupee":false
							},{
								"kpi": "Applied Cases",
								"mtd": "85.00",
								"ytd": "524.00",
								"standard": "NA",
								"shortfallFromStandard": "NA",
								"score": "NA",
								"isRupee":false
							},
							{
								"kpi": "Applied Adj. IFYP (SP@10%)",
								"mtd": "1.00",
								"ytd": "5.00",
								"standard": "NA",
								"shortfallFromStandard": "NA",
								"score": "NA",
								"isRupee":true
							}]
						},
						{
							"type": "Channels",
							"data": [{
								"kpi": "AAP Contribution (Adj. FYP)",
								"mtd": "0.23",
								"ytd": "3.63"
							},
							{
								"kpi": "Cross-sell (Adj. FYP)",
								"mtd": "0",
								"ytd": "2.43"
							},
							{
								"kpi": "CEIP (Adj. FYP)",
								"mtd": "0.23",
								"ytd": "37.63"
							}]
						},
						{
							"type": "KeyInputVectors",
							"data": [{
								"kpi": "Daily walk-in",
								"mtd": "400.00",
								"ytd": "30.00",
								"standard": "NA",
								"shortfallFromStandard": "NA"
							},
							{
								"kpi": "Sales Meetings",
								"mtd": "92.00",
								"ytd": "18.00",
								"standard": "15.00",
								"shortfallFromStandard": "7.00"
							},
							{
								"kpi": "Referred Leads",
								"mtd": "40.00",
								"ytd": "320.00",
								"standard": "NA",
								"shortfallFromStandard": "NA"
							},
							{
								"kpi": "Agent qualifying for 15/16",
								"mtd": "9.00",
								"ytd": "8.00",
								"standard": "15.00",
								"shortfallFromStandard": "7.00"
							},
							{
								"kpi": "Agent qualifying for 15/16 and YTD Case Active",
								"mtd": "40.00",
								"ytd": "320.00",
								"standard": "NA",
								"shortfallFromStandard": "NA"
							},
							{
								"kpi": "Tab active agents",
								"mtd": "9.00",
								"ytd": "82.00",
								"standard": "15.00",
								"shortfallFromStandard": "7.00"
							},
							{
								"kpi": "Tab calls/active agents",
								"mtd": "40.00",
								"ytd": "320.00",
								"standard": "NA",
								"shortfallFromStandard": "NA"
							},
							{
								"kpi": "M-sales calls (self)",
								"mtd": "93.00",
								"ytd": "8.00",
								"standard": "15.00",
								"shortfallFromStandard": "7.00"
							},
							{
								"kpi": "M-rec calls (self)",
								"mtd": "40.00",
								"ytd": "310.00",
								"standard": "NA",
								"shortfallFromStandard": "39.00"
							},
							{
								"kpi": "9 in 90 Qualified Agent",
								"mtd": "59.00",
								"ytd": "48.00",
								"standard": "15.00",
								"shortfallFromStandard": "NA"
							},
							{
								"kpi": "Product Diversified Agent",
								"mtd": "79.00",
								"ytd": "86.00",
								"standard": "NA",
								"shortfallFromStandard": "300.00"
							}]
						},
						{
							"type": "MRCPerformance",
							"data": [{
								"kpi": "Adj. FYP (Direct Unit)",
								"qtd": "32.02",
								"mrcStandard": "10.00",
								"doubleMrcStandard": "32.02",
								"mrcShortfall": "20",
								"doubleMrcShortfall": "0.00"
							}]
						}]
					},
					{
						"category": "UnitDetails",
						"data": [{
							"agentID": "132179",
							"agentName": "Shiv Kumar Mittal",
							"mtdAdjMfyp": "0.00",
							"mtdPaidCases": "0",
							"mtdFyc": "0.00",
							"mtdmSalesCalls": "10",
							"ytdAdjMfyp": "0.02",
							"ytdPaidCases": "0",
							"ytdFyc": "0.00",
							"proactiveStatus": "Non Proactive",
							"caseInactiveSince": "11"
						},
						{
							"agentID": "226098",
							"agentName": "Sanjeev Sachdeva",
							"mtdAdjMfyp": "0.00",
							"mtdPaidCases": "0",
							"mtdFyc": "0.14",
							"mtdmSalesCalls": "25",
							"ytdAdjMfyp": "-",
							"ytdPaidCases": "0",
							"ytdFyc": "0.00",
							"proactiveStatus": "Non Proactive",
							"caseInactiveSince": "11"
						},
						{
							"agentID": "229636",
							"agentName": "Opindar Pal Singh",
							"mtdAdjMfyp": "-",
							"mtdPaidCases": "2",
							"mtdFyc": "0.06",
							"mtdmSalesCalls": "34",
							"ytdAdjMfyp": "2.08",
							"ytdPaidCases": "11",
							"ytdFyc": "0.53",
							"proactiveStatus": "Non Proactive",
							"caseInactiveSince": "0"
						},
						{
							"agentID": "295906",
							"agentName": "Rashi Makkar",
							"mtdAdjMfyp": "0.31",
							"mtdPaidCases": "0",
							"mtdFyc": "0.00",
							"mtdmSalesCalls": "-",
							"ytdAdjMfyp": "0.00",
							"ytdPaidCases": "0",
							"ytdFyc": "0.00",
							"proactiveStatus": "Non Proactive",
							"caseInactiveSince": "11"
						},
						{
							"agentID": "336961",
							"agentName": "Harsh Khuarna",
							"mtdAdjMfyp": "0.00",
							"mtdPaidCases": "0",
							"mtdFyc": "0.01",
							"mtdmSalesCalls": "46",
							"ytdAdjMfyp": "0.01",
							"ytdPaidCases": "8",
							"ytdFyc": "0.34",
							"proactiveStatus": "Non Proactive",
							"caseInactiveSince": "0"
						},
						{
							"agentID": "360875",
							"agentName": "Amita Saxena",
							"mtdAdjMfyp": "0.25",
							"mtdPaidCases": "2",
							"mtdFyc": "",
							"mtdmSalesCalls": "56",
							"ytdAdjMfyp": "",
							"ytdPaidCases": "1",
							"ytdFyc": "0.14",
							"proactiveStatus": "Non Proactive",
							"caseInactiveSince": "5"
						},
						{
							"agentID": "364729",
							"agentName": "Kuldeep Kaur",
							"mtdAdjMfyp": "0.00",
							"mtdPaidCases": "0",
							"mtdFyc": "0.00",
							"mtdmSalesCalls": "37",
							"ytdAdjMfyp": "0.60",
							"ytdPaidCases": "1",
							"ytdFyc": "",
							"proactiveStatus": "Non Proactive",
							"caseInactiveSince": "5"
						},
						{
							"agentID": "371998",
							"agentName": "Sunita",
							"mtdAdjMfyp": "0.56",
							"mtdPaidCases": "0",
							"mtdFyc": "0.01",
							"mtdmSalesCalls": "29",
							"ytdAdjMfyp": "0.01",
							"ytdPaidCases": "6",
							"ytdFyc": "0.01",
							"proactiveStatus": "Non Proactive",
							"caseInactiveSince": "2"
						},
						{
							"agentID": "377935",
							"agentName": "Anju Bala",
							"mtdAdjMfyp": "5.28",
							"mtdPaidCases": "19",
							"mtdFyc": "0.52",
							"mtdmSalesCalls": "33",
							"ytdAdjMfyp": "58.26",
							"ytdPaidCases": "140",
							"ytdFyc": "6.46",
							"proactiveStatus": "Proactive",
							"caseInactiveSince": "0"
						},
						{
							"agentID": "388967",
							"agentName": "Kusum Lata Jain",
							"mtdAdjMfyp": "0.00",
							"mtdPaidCases": "0",
							"mtdFyc": "0.00",
							"mtdmSalesCalls": "11",
							"ytdAdjMfyp": "0.02",
							"ytdPaidCases": "1",
							"ytdFyc": "0.00",
							"proactiveStatus": "Non Proactive",
							"caseInactiveSince": "0"
						},
						{
							"agentID": "130109",
							"agentName": "Shiv Sachdeva",
							"mtdAdjMfyp": "0.00",
							"mtdPaidCases": "0",
							"mtdFyc": "0.00",
							"mtdmSalesCalls": "11",
							"ytdAdjMfyp": "0.02",
							"ytdPaidCases": "0",
							"ytdFyc": "0.00",
							"proactiveStatus": "Proactive",
							"caseInactiveSince": "9"
						},
						{
							"agentID": "229800",
							"agentName": "Sanjeev Shiv",
							"mtdAdjMfyp": "0.00",
							"mtdPaidCases": "0",
							"mtdFyc": "0.14",
							"mtdmSalesCalls": "25",
							"ytdAdjMfyp": "0.01",
							"ytdPaidCases": "0",
							"ytdFyc": "0.00",
							"proactiveStatus": "Proactive",
							"caseInactiveSince": "8"
						}]
					},
					{
						"category": "MDRT",
						"data": [{
							"agentID": "132179",
							"agentName": "Shiv Kumar Mittal",
							"mdrtFyp": "0.05",
							"mdrtFyc": "0.01",
							"shortfallInFyp": "33.76",
							"shortfallInFyc": "8.44",
							"surrenderRate": "7.64%",
							"currentYearStatus": "Get Going",
							"lastYearStatus": "Not Qualified"
						},
						{
							"agentID": "226098",
							"agentName": "Sanjeev Sachdeva",
							"mdrtFyp": "0.09",
							"mdrtFyc": "0.02",
							"shortfallInFyp": "-",
							"shortfallInFyc": "8.23",
							"surrenderRate": "9.50%",
							"currentYearStatus": "Get Going",
							"lastYearStatus": "Not Qualified"
						},
						{
							"agentID": "229636",
							"agentName": "Opindar Pal Singh",
							"mdrtFyp": "3.97",
							"mdrtFyc": "-",
							"shortfallInFyp": "33.63",
							"shortfallInFyc": "8.66",
							"surrenderRate": "12.73%",
							"currentYearStatus": "Get Going",
							"lastYearStatus": "Not Qualified"
						},
						{
							"agentID": "295906",
							"agentName": "Rashi Makkar",
							"mdrtFyp": "0.00",
							"mdrtFyc": "0.00",
							"shortfallInFyp": "33.21",
							"shortfallInFyc": "8.11",
							"surrenderRate": "12.77%",
							"currentYearStatus": "Get Going",
							"lastYearStatus": "Not Qualified"
						},
						{
							"agentID": "336961",
							"agentName": "Harsh Khurana",
							"mdrtFyp": "-",
							"mdrtFyc": "0.38",
							"shortfallInFyp": "31.63",
							"shortfallInFyc": "8.02",
							"surrenderRate": "-",
							"currentYearStatus": "Get Going",
							"lastYearStatus": "Not Qualified"
						},
						{
							"agentID": "360875",
							"agentName": "Amita Saxena",
							"mdrtFyp": "0.38",
							"mdrtFyc": "0.01",
							"shortfallInFyp": "32.51",
							"shortfallInFyc": "7.37",
							"surrenderRate": "0.00%",
							"currentYearStatus": "Get Going",
							"lastYearStatus": "Not Qualified"
						},
						{
							"agentID": "364729",
							"agentName": "Kuldeep Kaur",
							"mdrtFyp": "0.45",
							"mdrtFyc": "0.11",
							"shortfallInFyp": "",
							"shortfallInFyc": "8.44",
							"surrenderRate": "",
							"currentYearStatus": "Get Going",
							"lastYearStatus": "Not Qualified"
						},
						{
							"agentID": "371998",
							"agentName": "Sunita",
							"mdrtFyp": "0.56",
							"mdrtFyc": "0.23",
							"shortfallInFyp": "31.53",
							"shortfallInFyc": "8.21",
							"surrenderRate": "9.64%",
							"currentYearStatus": "Get Going",
							"lastYearStatus": "Not Qualified"
						},
						{
							"agentID": "377935",
							"agentName": "Anju Bala",
							"mdrtFyp": "72.99",
							"mdrtFyc": "8.10",
							"shortfallInFyp": "0.00",
							"shortfallInFyc": "0.35",
							"surrenderRate": "31.84%",
							"currentYearStatus": "Probable Qualifier for MDRT",
							"lastYearStatus": ""
						},
						{
							"agentID": "388967",
							"agentName": "Kusum Lata Jain",
							"mdrtFyp": "0.06",
							"mdrtFyc": "0.15",
							"shortfallInFyp": "32.26",
							"shortfallInFyc": "8.64",
							"surrenderRate": "0.00%",
							"currentYearStatus": "Get Going",
							"lastYearStatus": "Not Qualified"
						},
						{
							"agentID": "132259",
							"agentName": "Shiv Sachdeva Mittal",
							"mdrtFyp": "0.05",
							"mdrtFyc": "0.01",
							"shortfallInFyp": "33.76",
							"shortfallInFyc": "8.44",
							"surrenderRate": "7.64%",
							"currentYearStatus": "Get Going",
							"lastYearStatus": "Not Qualified"
						},
						{
							"agentID": "2260923",
							"agentName": "Shiv Sachdeva",
							"mdrtFyp": "0.09",
							"mdrtFyc": "0.02",
							"shortfallInFyp": "-",
							"shortfallInFyc": "8.23",
							"surrenderRate": "9.50%",
							"currentYearStatus": "Get Going",
							"lastYearStatus": "Not Qualified"
						}]
					},
					{
						"category": "Council",
						"period1Label": "Jan 2014 - May 2014",
						"period2Label": "May 2014 - Jul 2014",
						"data": [{
							"agentID": "506074",
							"agentName": "Sreeja C",
							"period1": {
								"councilFyp": "0.00",
								"shortfallInFyp": "33.00",
								"councilFyc": "0.00",
								"shortfallInFyc": "5.50",
								"paidCases": "0",
								"shortfallInPaidCases": "40"
							},
							"period2": {
								"councilFyp": "0",
								"shortfallInFyp": "0",
								"councilFyc": "0",
								"shortfallInFyc": "0",
								"paidCases": "0",
								"shortfallInPaidCases": "0"
							},
							"surrenderRate": "NA",
							"persistency": "0.00%"
						},
						{
							"agentID": "510996",
							"agentName": "Smitha M. S.",
							"period1": {
								"councilFyp": "1.79",
								"shortfallInFyp": "33.00",
								"councilFyc": "0.00",
								"shortfallInFyc": "5.50",
								"paidCases": "3",
								"shortfallInPaidCases": "33"
							},
							"period2": {
								"councilFyp": "0",
								"shortfallInFyp": "0",
								"councilFyc": "0",
								"shortfallInFyc": "0",
								"paidCases": "0",
								"shortfallInPaidCases": "0"
							},
							"surrenderRate": "NA",
							"persistency": "NA"
						},
						{
							"agentID": "507884",
							"agentName": "Ann Rachel",
							"period1": {
								"councilFyp": "0.73",
								"shortfallInFyp": "33.00",
								"councilFyc": "0.10",
								"shortfallInFyc": "5.50",
								"paidCases": "0",
								"shortfallInPaidCases": "39"
							},
							"period2": {
								"councilFyp": "0",
								"shortfallInFyp": "0",
								"councilFyc": "0",
								"shortfallInFyc": "0",
								"paidCases": "0",
								"shortfallInPaidCases": "0"
							},
							"surrenderRate": "NA",
							"persistency": "0.00%"
						},
						{
							"agentID": "509869",
							"agentName": "Kusumavally K. B.",
							"period1": {
								"councilFyp": ".50",
								"shortfallInFyp": "33.00",
								"councilFyc": "0.40",
								"shortfallInFyc": "5.50",
								"paidCases": "2",
								"shortfallInPaidCases": "34"
							},
							"period2": {
								"councilFyp": "0",
								"shortfallInFyp": "0",
								"councilFyc": "0",
								"shortfallInFyc": "0",
								"paidCases": "0",
								"shortfallInPaidCases": "0"
							},
							"surrenderRate": "NA",
							"persistency": "0.00"
						},
						{
							"agentID": "510996",
							"agentName": "Animol S.",
							"period1": {
								"councilFyp": "1.79",
								"shortfallInFyp": "33.00",
								"councilFyc": "0.00",
								"shortfallInFyc": "5.50",
								"paidCases": "3",
								"shortfallInPaidCases": "33"
							},
							"period2": {
								"councilFyp": "0",
								"shortfallInFyp": "0",
								"councilFyc": "0",
								"shortfallInFyc": "0",
								"paidCases": "0",
								"shortfallInPaidCases": "0"
							},
							"surrenderRate": "NA",
							"persistency": "NA"
						},
						{
							"agentID": "511000",
							"agentName": "Mercy Varughese",
							"period1": {
								"councilFyp": "0.00",
								"shortfallInFyp": "33.00",
								"councilFyc": "0.30",
								"shortfallInFyc": "5.50",
								"paidCases": "4",
								"shortfallInPaidCases": "30"
							},
							"period2": {
								"councilFyp": "0",
								"shortfallInFyp": "0",
								"councilFyc": "0",
								"shortfallInFyc": "0",
								"paidCases": "0",
								"shortfallInPaidCases": "0"
							},
							"surrenderRate": "NA",
							"persistency": "NA"
						},
						{
							"agentID": "516895",
							"agentName": "Rajalakshmi P.",
							"period1": {
								"councilFyp": "0.73",
								"shortfallInFyp": "33.00",
								"councilFyc": "0.12",
								"shortfallInFyc": "5.50",
								"paidCases": "0",
								"shortfallInPaidCases": "40"
							},
							"period2": {
								"councilFyp": "0",
								"shortfallInFyp": "0",
								"councilFyc": "0",
								"shortfallInFyc": "0",
								"paidCases": "0",
								"shortfallInPaidCases": "0"
							},
							"surrenderRate": "NA",
							"persistency": "0.00%"
						},
						{
							"agentID": "517128",
							"agentName": "Maya S.",
							"period1": {
								"councilFyp": "0.79",
								"shortfallInFyp": "63.00",
								"councilFyc": "0.00",
								"shortfallInFyc": "1.50",
								"paidCases": "3",
								"shortfallInPaidCases": "34"
							},
							"period2": {
								"councilFyp": "0",
								"shortfallInFyp": "0",
								"councilFyc": "0",
								"shortfallInFyc": "0",
								"paidCases": "0",
								"shortfallInPaidCases": "0"
							},
							"surrenderRate": "NA",
							"persistency": "NA"
						},
						{
							"agentID": "528565",
							"agentName": "R. Indudevi",
							"period1": {
								"councilFyp": "0.00",
								"shortfallInFyp": "33.00",
								"councilFyc": "0.00",
								"shortfallInFyc": "5.50",
								"paidCases": "0",
								"shortfallInPaidCases": "40"
							},
							"period2": {
								"councilFyp": "0",
								"shortfallInFyp": "0",
								"councilFyc": "0",
								"shortfallInFyc": "0",
								"paidCases": "0",
								"shortfallInPaidCases": "0"
							},
							"surrenderRate": "NA",
							"persistency": "0.00%"
						},
						{
							"agentID": "510856",
							"agentName": "Animol Indudevi",
							"period1": {
								"councilFyp": "1.79",
								"shortfallInFyp": "33.00",
								"councilFyc": "0.00",
								"shortfallInFyc": "5.50",
								"paidCases": "3",
								"shortfallInPaidCases": "33"
							},
							"period2": {
								"councilFyp": "0",
								"shortfallInFyp": "0",
								"councilFyc": "0",
								"shortfallInFyc": "0",
								"paidCases": "0",
								"shortfallInPaidCases": "0"
							},
							"surrenderRate": "NA",
							"persistency": "NA"
						},
						{
							"agentID": "509874",
							"agentName": "Indudevi C",
							"period1": {
								"councilFyp": "0.00",
								"shortfallInFyp": "33.00",
								"councilFyc": "0.00",
								"shortfallInFyc": "5.50",
								"paidCases": "0",
								"shortfallInPaidCases": "40"
							},
							"period2": {
								"councilFyp": "0",
								"shortfallInFyp": "0",
								"councilFyc": "0",
								"shortfallInFyc": "0",
								"paidCases": "0",
								"shortfallInPaidCases": "0"
							},
							"surrenderRate": "NA",
							"persistency": "0.00%"
						},
						{
							"agentID": "519896",
							"agentName": "Jai Sree",
							"period1": {
								"councilFyp": "1.79",
								"shortfallInFyp": "33.00",
								"councilFyc": "0.00",
								"shortfallInFyc": "5.50",
								"paidCases": "3",
								"shortfallInPaidCases": "33"
							},
							"period2": {
								"councilFyp": "0",
								"shortfallInFyp": "0",
								"councilFyc": "0",
								"shortfallInFyc": "0",
								"paidCases": "0",
								"shortfallInPaidCases": "0"
							},
							"surrenderRate": "NA",
							"persistency": "NA"
						},
						{
							"agentID": "507874",
							"agentName": "Sam C",
							"period1": {
								"councilFyp": "0.00",
								"shortfallInFyp": "33.00",
								"councilFyc": "0.00",
								"shortfallInFyc": "5.50",
								"paidCases": "0",
								"shortfallInPaidCases": "40"
							},
							"period2": {
								"councilFyp": "0",
								"shortfallInFyp": "0",
								"councilFyc": "0",
								"shortfallInFyc": "0",
								"paidCases": "0",
								"shortfallInPaidCases": "0"
							},
							"surrenderRate": "NA",
							"persistency": "0.00%"
						},
						{
							"agentID": "510326",
							"agentName": "Mayak S",
							"period1": {
								"councilFyp": "1.79",
								"shortfallInFyp": "33.00",
								"councilFyc": "0.00",
								"shortfallInFyc": "5.50",
								"paidCases": "3",
								"shortfallInPaidCases": "33"
							},
							"period2": {
								"councilFyp": "0",
								"shortfallInFyp": "0",
								"councilFyc": "0",
								"shortfallInFyc": "0",
								"paidCases": "0",
								"shortfallInPaidCases": "0"
							},
							"surrenderRate": "NA",
							"persistency": "NA"
						},
						{
							"agentID": "506174",
							"agentName": "Sreejai C",
							"period1": {
								"councilFyp": "0.00",
								"shortfallInFyp": "33.00",
								"councilFyc": "0.00",
								"shortfallInFyc": "5.50",
								"paidCases": "0",
								"shortfallInPaidCases": "40"
							},
							"period2": {
								"councilFyp": "0",
								"shortfallInFyp": "0",
								"councilFyc": "0",
								"shortfallInFyc": "0",
								"paidCases": "0",
								"shortfallInPaidCases": "0"
							},
							"surrenderRate": "NA",
							"persistency": "0.00%"
						},
						{
							"agentID": "510126",
							"agentName": "Krish J.",
							"period1": {
								"councilFyp": "1.79",
								"shortfallInFyp": "33.00",
								"councilFyc": "0.00",
								"shortfallInFyc": "5.50",
								"paidCases": "3",
								"shortfallInPaidCases": "33"
							},
							"period2": {
								"councilFyp": "0",
								"shortfallInFyp": "0",
								"councilFyc": "0",
								"shortfallInFyc": "0",
								"paidCases": "0",
								"shortfallInPaidCases": "0"
							},
							"surrenderRate": "NA",
							"persistency": "NA"
						},
						{
							"agentID": "501074",
							"agentName": "Saran K.",
							"period1": {
								"councilFyp": "0.00",
								"shortfallInFyp": "33.00",
								"councilFyc": "0.00",
								"shortfallInFyc": "5.50",
								"paidCases": "0",
								"shortfallInPaidCases": "40"
							},
							"period2": {
								"councilFyp": "0",
								"shortfallInFyp": "0",
								"councilFyc": "0",
								"shortfallInFyc": "0",
								"paidCases": "0",
								"shortfallInPaidCases": "0"
							},
							"surrenderRate": "NA",
							"persistency": "0.00%"
						},
						{
							"agentID": "510106",
							"agentName": "Ram P. S.",
							"period1": {
								"councilFyp": "1.79",
								"shortfallInFyp": "33.00",
								"councilFyc": "0.00",
								"shortfallInFyc": "5.50",
								"paidCases": "3",
								"shortfallInPaidCases": "33"
							},
							"period2": {
								"councilFyp": "0",
								"shortfallInFyp": "0",
								"councilFyc": "0",
								"shortfallInFyc": "0",
								"paidCases": "0",
								"shortfallInPaidCases": "0"
							},
							"surrenderRate": "NA",
							"persistency": "NA"
						}]
					},
					{
						"category": "StarAchievers",
						"data": [{
							"agentID": "507884",
							"agentName": "Ann Rachel",
							"lastQuarterLevel": "Base",
							"currentLevel": "Base",
							"opportunityForNextLevelAdjFyp": {
								"level1": "-",
								"level2": "-",
								"level3": "1.66",
								"level4": "6.66",
								"level5": "22.91",
								"level6": "67.91",
								"level7": "117.91"
							},
							"opportunityForNextLevelFyc": {
								"level1": "-",
								"level2": "-",
								"level3": "0.40",
								"level4": "0.40",
								"level5": "4.65",
								"level6": "13.45",
								"level7": "23.65"
							},
							"surrenderRate": "12.50%",
							"persistency": "0.00%"
						},
						{
							"agentID": "509869",
							"agentName": "kusumavally K. B",
							"lastQuarterLevel": "Base",
							"currentLevel": "Base",
							"opportunityForNextLevelAdjFyp": {
								"level1": "0.11",
								"level2": "2.36",
								"level3": "6.61",
								"level4": "11.61",
								"level5": "27.61",
								"level6": "72.61",
								"level7": "123.61"
							},
							"opportunityForNextLevelFyc": {
								"level1": "0.32",
								"level2": "0.57",
								"level3": "1.42",
								"level4": "2.42",
								"level5": "5.56",
								"level6": "14.64",
								"level7": "25.34"
							},
							"surrenderRate": "12.50%",
							"persistency": "0.00%"
						},
						{
							"agentID": "510996",
							"agentName": "Annimol S.",
							"lastQuarterLevel": "Base",
							"currentLevel": "Base",
							"opportunityForNextLevelAdjFyp": {
								"level1": "1.60",
								"level2": "3.85",
								"level3": "8.66",
								"level4": "12.66",
								"level5": "75.91",
								"level6": "67.91",
								"level7": "117.91"
							},
							"opportunityForNextLevelFyc": {
								"level1": "0.32",
								"level2": "0.57",
								"level3": "1.40",
								"level4": "2.40",
								"level5": "5.65",
								"level6": "13.45",
								"level7": "23.65"
							},
							"surrenderRate": "12.50%",
							"persistency": "0.00%"
						},
						{
							"agentID": "511000",
							"agentName": "Mercy Varughese",
							"lastQuarterLevel": "Base",
							"currentLevel": "Base",
							"opportunityForNextLevelAdjFyp": {
								"level1": "1.11",
								"level2": "2.36",
								"level3": "7.61",
								"level4": "11.61",
								"level5": "27.61",
								"level6": "72.61",
								"level7": "123.61"
							},
							"opportunityForNextLevelFyc": {
								"level1": "0.32",
								"level2": "0.57",
								"level3": "1.42",
								"level4": "2.42",
								"level5": "5.56",
								"level6": "14.64",
								"level7": "25.34"
							},
							"surrenderRate": "12.50%",
							"persistency": "0.00%"
						},
						{
							"agentID": "516895",
							"agentName": "Rajalekshmi P.",
							"lastQuarterLevel": "NA",
							"currentLevel": "Base",
							"opportunityForNextLevelAdjFyp": {
								"level1": "-",
								"level2": "2.18",
								"level3": "1.66",
								"level4": "10.66",
								"level5": "22.91",
								"level6": "67.91",
								"level7": "117.91"
							},
							"opportunityForNextLevelFyc": {
								"level1": "-",
								"level2": "0.57",
								"level3": "1.42",
								"level4": "2.40",
								"level5": "4.65",
								"level6": "13.45",
								"level7": "23.65"
							},
							"surrenderRate": "12.50%",
							"persistency": "0.00%"
						},
						{
							"agentID": "517128",
							"agentName": "Maya S.",
							"lastQuarterLevel": "NA",
							"currentLevel": "Base",
							"opportunityForNextLevelAdjFyp": {
								"level1": "1.11",
								"level2": "2.36",
								"level3": "6.61",
								"level4": "11.61",
								"level5": "27.61",
								"level6": "72.61",
								"level7": "123.61"
							},
							"opportunityForNextLevelFyc": {
								"level1": "0.32",
								"level2": "0.57",
								"level3": "1.42",
								"level4": "2.42",
								"level5": "5.56",
								"level6": "14.64",
								"level7": "25.34"
							},
							"surrenderRate": "12.50%",
							"persistency": "0.00%"
						},
						{
							"agentID": "526642",
							"agentName": "Shanet Thomas",
							"lastQuarterLevel": "Level1",
							"currentLevel": "Level1",
							"opportunityForNextLevelAdjFyp": {
								"level1": "1.6",
								"level2": "2.68",
								"level3": "1.66",
								"level4": "6.66",
								"level5": "22.91",
								"level6": "67.91",
								"level7": "117.91"
							},
							"opportunityForNextLevelFyc": {
								"level1": "0.32",
								"level2": "0.57",
								"level3": "0.40",
								"level4": "0.40",
								"level5": "4.65",
								"level6": "13.45",
								"level7": "23.65"
							},
							"surrenderRate": "12.50%",
							"persistency": "0.00%"
						},
						{
							"agentID": "528565",
							"agentName": "R. Indudevi",
							"lastQuarterLevel": "Base",
							"currentLevel": "Base",
							"opportunityForNextLevelAdjFyp": {
								"level1": "-",
								"level2": "2.36",
								"level3": "6.61",
								"level4": "11.61",
								"level5": "27.61",
								"level6": "72.61",
								"level7": "123.61"
							},
							"opportunityForNextLevelFyc": {
								"level1": "-",
								"level2": "0.57",
								"level3": "1.42",
								"level4": "2.42",
								"level5": "5.56",
								"level6": "14.64",
								"level7": "25.34"
							},
							"surrenderRate": "12.50%",
							"persistency": "0.00%"
						},
						{
							"agentID": "495786",
							"agentName": "Priya R.",
							"lastQuarterLevel": "Base",
							"currentLevel": "Base",
							"opportunityForNextLevelAdjFyp": {
								"level1": "1.11",
								"level2": "3.11",
								"level3": "1.66",
								"level4": "6.66",
								"level5": "22.91",
								"level6": "67.91",
								"level7": "117.91"
							},
							"opportunityForNextLevelFyc": {
								"level1": "0.32",
								"level2": "0.57",
								"level3": "0.40",
								"level4": "0.40",
								"level5": "4.65",
								"level6": "13.45",
								"level7": "23.65"
							},
							"surrenderRate": "12.50%",
							"persistency": "0.00%"
						},
						{
							"agentID": "509942",
							"agentName": "Lathamma",
							"lastQuarterLevel": "NA",
							"currentLevel": "Base",
							"opportunityForNextLevelAdjFyp": {
								"level1": "1.61",
								"level2": "2.36",
								"level3": "6.61",
								"level4": "11.61",
								"level5": "27.61",
								"level6": "72.61",
								"level7": "123.61"
							},
							"opportunityForNextLevelFyc": {
								"level1": "0.32",
								"level2": "0.57",
								"level3": "1.42",
								"level4": "2.42",
								"level5": "5.56",
								"level6": "14.64",
								"level7": "25.34"
							},
							"surrenderRate": "12.50%",
							"persistency": "0.00%"
						},
						{
							"agentID": "507784",
							"agentName": "Basel Rachel",
							"lastQuarterLevel": "Base",
							"currentLevel": "Base",
							"opportunityForNextLevelAdjFyp": {
								"level1": "2.56",
								"level2": "8.96",
								"level3": "1.66",
								"level4": "6.66",
								"level5": "22.91",
								"level6": "67.91",
								"level7": "117.91"
							},
							"opportunityForNextLevelFyc": {
								"level1": "-",
								"level2": "0.25",
								"level3": "0.40",
								"level4": "0.40",
								"level5": "4.65",
								"level6": "13.45",
								"level7": "23.65"
							},
							"surrenderRate": "12.50%",
							"persistency": "0.00%"
						},
						{
							"agentID": "5010869",
							"agentName": "kusumavally Jose",
							"lastQuarterLevel": "Base",
							"currentLevel": "Base",
							"opportunityForNextLevelAdjFyp": {
								"level1": "0.11",
								"level2": "2.36",
								"level3": "6.61",
								"level4": "11.61",
								"level5": "27.61",
								"level6": "72.61",
								"level7": "123.61"
							},
							"opportunityForNextLevelFyc": {
								"level1": "0.32",
								"level2": "0.57",
								"level3": "1.42",
								"level4": "2.42",
								"level5": "5.56",
								"level6": "14.64",
								"level7": "25.34"
							},
							"surrenderRate": "12.50%",
							"persistency": "0.00%"
						},
						{
							"agentID": "527884",
							"agentName": "Jai Rachel",
							"lastQuarterLevel": "Base",
							"currentLevel": "Base",
							"opportunityForNextLevelAdjFyp": {
								"level1": "-",
								"level2": "-",
								"level3": "1.66",
								"level4": "6.66",
								"level5": "22.91",
								"level6": "67.91",
								"level7": "117.91"
							},
							"opportunityForNextLevelFyc": {
								"level1": "-",
								"level2": "-",
								"level3": "0.40",
								"level4": "0.40",
								"level5": "4.65",
								"level6": "13.45",
								"level7": "23.65"
							},
							"surrenderRate": "12.50%",
							"persistency": "0.00%"
						},
						{
							"agentID": "507269",
							"agentName": "Jaison K. B",
							"lastQuarterLevel": "Base",
							"currentLevel": "Base",
							"opportunityForNextLevelAdjFyp": {
								"level1": "0.11",
								"level2": "2.36",
								"level3": "6.61",
								"level4": "11.61",
								"level5": "27.61",
								"level6": "72.61",
								"level7": "123.61"
							},
							"opportunityForNextLevelFyc": {
								"level1": "0.32",
								"level2": "0.57",
								"level3": "1.42",
								"level4": "2.42",
								"level5": "5.56",
								"level6": "14.64",
								"level7": "25.34"
							},
							"surrenderRate": "12.50%",
							"persistency": "0.00%"
						}]
					}]
				}
			}]
		}
	}
}