{  "Response": {    "ResponseInfo": {      "UserName": "agent name",      "CreationDate": "09-25-2013",      "CreationTime": "12:15:54-04:00",      "SourceInfoName": "tablet",      "RequestorToken": "",      "UserEmail": "test@gmail.com",      "LastSyncDate": "09-25-2013 23:15:45"    },    "ResponsePayload": {      "Transactions": [        {          "Key1": "tom",          "Key2": "",          "Key3": "",          "Key4": "",          "Key5": "",          "Key6": "",          "Key7": "",          "Key8": "",          "Key9": "",          "Key10": "FullDetails",          "Type": "MyEarnings",          "TransTrackingID": "",          "TransactionData": {            "myEarningsByType": [              {                "type": "Policy Level Commissions",                "data": [                  {                    "policyNumber": "101529675",                    "insured": "Ms. Bahaar Arif   Shaw",                    "plan": "LE Savings Plan",                    "mode": "Annually",                    "issuedDate": "2003-01-25T00:00:00.000Z",                    "benefitSplit": "100",                    "allocationDate": "2015-01-25T00:00:00.000Z",                    "fycryc": "RYC",                    "premium": "7572",                    "rate": "5",                    "grossAmount": "378.6",                    "reason": "FYC",                    "disbursementDate": "2015-01-31T00:00:00.000Z"                  },                  {                    "policyNumber": "101529683",                    "insured": "Mr. Shayan   Shaw",                    "plan": "LE Endowment Plan",                    "mode": "Annually",                    "issuedDate": "2003-01-25T00:00:00.000Z",                    "benefitSplit": "100",                    "allocationDate": "2015-01-25T00:00:00.000Z",                    "fycryc": "RYC",                    "premium": "8690",                    "rate": "5",                    "grossAmount": "434.5",                    "reason": "RC",                    "disbursementDate": "2015-01-31T00:00:00.000Z"                  },                  {                    "policyNumber": "101529709",                    "insured": "Ms. Rayba Arif   Shaw",                    "plan": "LE Whole Life Plan",                    "mode": "Annually",                    "issuedDate": "2003-01-25T00:00:00.000Z",                    "benefitSplit": "100",                    "allocationDate": "2015-01-25T00:00:00.000Z",                    "fycryc": "RYC",                    "premium": "7002",                    "rate": "5",                    "grossAmount": "350.1",                    "reason": "FYC",                    "disbursementDate": "2015-01-31T00:00:00.000Z"                  },                  {                    "policyNumber": "230492332",                    "insured": "Mr. Sushant  Dutta",                    "plan": "LE Pension Plan",                    "mode": "Annually",                    "issuedDate": "2003-12-10T00:00:00.000Z",                    "benefitSplit": "100",                    "allocationDate": "2015-01-21T00:00:00.000Z",                    "fycryc": "RYC",                    "premium": "7226",                    "rate": "2",                    "grossAmount": "144.52",                    "reason": "RC",                    "disbursementDate": "2015-01-31T00:00:00.000Z"                  },                  {                    "policyNumber": "240356774",                    "insured": "Master. Shivraj Singh  Vishnoi",                    "plan": "LE Pension Plan",                    "mode": "Annually",                    "issuedDate": "2004-02-26T00:00:00.000Z",                    "benefitSplit": "100",                    "allocationDate": "2015-02-26T00:00:00.000Z",                    "fycryc": "RYC",                    "premium": "1321",                    "rate": "5",                    "grossAmount": "66.05",                    "reason": "FYC",                    "disbursementDate": "2015-02-28T00:00:00.000Z"                  },                  {                    "policyNumber": "240356790",                    "insured": "Mr. Saurabh  Thakur",                    "plan": "LE Savings Plan",                    "mode": "Annually",                    "issuedDate": "2004-03-23T00:00:00.000Z",                    "benefitSplit": "100",                    "allocationDate": "2015-03-23T00:00:00.000Z",                    "fycryc": "RYC",                    "premium": "5000.26",                    "rate": "5",                    "grossAmount": "250.01",                    "reason": "RC",                    "disbursementDate": "2015-03-31T00:00:00.000Z"                  },                  {                    "policyNumber": "240356832",                    "insured": "Mr. Yatam G Rao",                    "plan": "LE Savings Plan",                    "mode": "Annually",                    "issuedDate": "2003-12-19T00:00:00.000Z",                    "benefitSplit": "",                    "allocationDate": "2014-12-19T00:00:00.000Z",                    "fycryc": "",                    "premium": "4999.76",                    "rate": "",                    "grossAmount": "249.99",                    "reason": "FYC",                    "disbursementDate": "2014-12-31T00:00:00.000Z"                  },                  {                    "policyNumber": "240356865",                    "insured": "Mr. Meka Vijaya  Bhaskar",                    "plan": "LE Whole Life Plan",                    "mode": "Annually",                    "issuedDate": "2003-12-19T00:00:00.000Z",                    "benefitSplit": "",                    "allocationDate": "2014-12-27T00:00:00.000Z",                    "fycryc": "",                    "premium": "4999.91",                    "rate": "",                    "grossAmount": "250",                    "reason": "RC",                    "disbursementDate": "2014-12-31T00:00:00.000Z"                  },                  {                    "policyNumber": "240356865",                    "insured": "Mr. Meka Vijaya  Bhaskar",                    "plan": "LE Whole Life Plan",                    "mode": "Annually",                    "issuedDate": "2003-12-19T00:00:00.000Z",                    "benefitSplit": "",                    "allocationDate": "2014-12-27T00:00:00.000Z",                    "fycryc": "",                    "premium": "4999.91",                    "rate": "",                    "grossAmount": "250",                    "reason": "FYC",                    "disbursementDate": "2014-12-31T00:00:00.000Z"                  },                  {                    "policyNumber": "240402057",                    "insured": "Mr. Granth  Vanaik",                    "plan": "LE Whole Life Plan",                    "mode": "Semi-Annually",                    "issuedDate": "2003-11-24T00:00:00.000Z",                    "benefitSplit": "100",                    "allocationDate": "2014-06-18T00:00:00.000Z",                    "fycryc": "RYC",                    "premium": "2450.18",                    "rate": "5",                    "grossAmount": "122.51",                    "reason": "RC",                    "disbursementDate": "2014-06-30T00:00:00.000Z"                  },                  {                    "policyNumber": "240402057",                    "insured": "Mr. Granth  Vanaik",                    "plan": "LE Endowment Plan",                    "mode": "Semi-Annually",                    "issuedDate": "2003-11-24T00:00:00.000Z",                    "benefitSplit": "100",                    "allocationDate": "2014-06-09T00:00:00.000Z",                    "fycryc": "RYC",                    "premium": "2450.18",                    "rate": "5",                    "grossAmount": "122.51",                    "reason": "FYC",                    "disbursementDate": "2014-06-15T00:00:00.000Z"                  },                  {                    "policyNumber": "240402057",                    "insured": "Mr. Granth  Vanaik",                    "plan": "LE Whole Life Plan",                    "mode": "Semi-Annually",                    "issuedDate": "2003-11-24T00:00:00.000Z",                    "benefitSplit": "100",                    "allocationDate": "2014-06-13T00:00:00.000Z",                    "fycryc": "RYC",                    "premium": "-2450.18",                    "rate": "5",                    "grossAmount": "-122.51",                    "reason": "RC",                    "disbursementDate": "2014-06-15T00:00:00.000Z"                  },                  {                    "policyNumber": "240402057",                    "insured": "Mr. Granth  Vanaik",                    "plan": "LE Endowment Plan",                    "mode": "Semi-Annually",                    "issuedDate": "2003-11-24T00:00:00.000Z",                    "benefitSplit": "100",                    "allocationDate": "2015-06-08T00:00:00.000Z",                    "fycryc": "RYC",                    "premium": "2450.18",                    "rate": "5",                    "grossAmount": "122.51",                    "reason": "FYC",                    "disbursementDate": "2015-06-15T00:00:00.000Z"                  },                  {                    "policyNumber": "240402123",                    "insured": "Mr. Dushyant  Vanaik",                    "plan": "LE Whole Life Plan",                    "mode": "Semi-Annually",                    "issuedDate": "2003-11-24T00:00:00.000Z",                    "benefitSplit": "100",                    "allocationDate": "2014-06-09T00:00:00.000Z",                    "fycryc": "RYC",                    "premium": "1933.08",                    "rate": "5",                    "grossAmount": "96.65",                    "reason": "RC",                    "disbursementDate": "2014-06-15T00:00:00.000Z"                  },                  {                    "policyNumber": "240402123",                    "insured": "Mr. Dushyant  Vanaik",                    "plan": "LE Whole Life Plan",                    "mode": "Semi-Annually",                    "issuedDate": "2003-11-24T00:00:00.000Z",                    "benefitSplit": "100",                    "allocationDate": "2015-06-08T00:00:00.000Z",                    "fycryc": "RYC",                    "premium": "1933.08",                    "rate": "5",                    "grossAmount": "96.65",                    "reason": "FYC",                    "disbursementDate": "2015-06-15T00:00:00.000Z"                  },                  {                    "policyNumber": "240402123",                    "insured": "Mr. Dushyant  Vanaik",                    "plan": "LE Whole Life Plan",                    "mode": "Semi-Annually",                    "issuedDate": "2003-11-24T00:00:00.000Z",                    "benefitSplit": "100",                    "allocationDate": "2014-12-08T00:00:00.000Z",                    "fycryc": "RYC",                    "premium": "1933.08",                    "rate": "5",                    "grossAmount": "96.65",                    "reason": "RC",                    "disbursementDate": "2014-12-15T00:00:00.000Z"                  },                  {                    "policyNumber": "247059702",                    "insured": "Ms. Divya  Surana",                    "plan": "LE Endowment Plan",                    "mode": "Annually",                    "issuedDate": "2004-06-25T00:00:00.000Z",                    "benefitSplit": "100",                    "allocationDate": "2014-06-25T00:00:00.000Z",                    "fycryc": "RYC",                    "premium": "15000.19",                    "rate": "5",                    "grossAmount": "750.01",                    "reason": "FYC",                    "disbursementDate": "2014-06-30T00:00:00.000Z"                  },                  {                    "policyNumber": "268653003",                    "insured": "Ms. Brinda  Sud",                    "plan": "LE Endowment Plan",                    "mode": "Annually",                    "issuedDate": "2005-11-19T00:00:00.000Z",                    "benefitSplit": "100",                    "allocationDate": "2014-12-02T00:00:00.000Z",                    "fycryc": "RYC",                    "premium": "5000.18",                    "rate": "5",                    "grossAmount": "250.01",                    "reason": "RC",                    "disbursementDate": "2014-12-15T00:00:00.000Z"                  }                ]              }            ]          }        }      ]    }  }}