{
    "contentFiles": [
                     {
                     "fileName": "form.json",
                     "tabletFullPath": null,
                     "publicURL": "http://175.136.248.237/life-engage-admin-services/downloadContent?fileName=form.json&ts=1490707297092",
                     "lastUpdated": null,
                     "version": "1",
                     "type": "Config Files",
                     "isMandatory": "Yes",
                     "language": "English",
                     "fileSize": 778,
                     "description": ""
                     },
                     {
                     "fileName": "product.json",
                     "tabletFullPath": null,
                     "publicURL": "http://175.136.248.237/life-engage-admin-services/downloadContent?fileName=product.json&ts=1490707297328",
                     "lastUpdated": null,
                     "version": "1",
                     "type": "Config Files",
                     "isMandatory": "Yes",
                     "language": "English",
                     "fileSize": 9389,
                     "description": ""
                     },
                     {
                     "fileName": "dashboard-ui-json.json",
                     "tabletFullPath": null,
                     "publicURL": "http://175.136.248.237/life-engage-admin-services/downloadContent?fileName=dashboard-ui-json.json&ts=1490707297422",
                     "lastUpdated": null,
                     "version": "1",
                     "type": "Config Files",
                     "isMandatory": "Yes",
                     "language": "English",
                     "fileSize": 1949,
                     "description": "Latest"
                     },
                     {
                     "fileName": "performance-ui-json.json",
                     "tabletFullPath": null,
                     "publicURL": "http://175.136.248.237/life-engage-admin-services/downloadContent?fileName=performance-ui-json.json&ts=1490707297514",
                     "lastUpdated": null,
                     "version": "1",
                     "type": "Config Files",
                     "isMandatory": "Yes",
                     "language": "English",
                     "fileSize": 3874,
                     "description": "Latest"
                     },
                     {
                     "fileName": "policyrenewal-ui-json.json",
                     "tabletFullPath": null,
                     "publicURL": "http://175.136.248.237/life-engage-admin-services/downloadContent?fileName=policyrenewal-ui-json.json&ts=1490707297595",
                     "lastUpdated": null,
                     "version": "4",
                     "type": "Config Files",
                     "isMandatory": "Yes",
                     "language": "English",
                     "fileSize": 2573,
                     "description": "Latest"
                     },
                     {
                     "fileName": "claimslogged-ui-json.json",
                     "tabletFullPath": null,
                     "publicURL": "http://175.136.248.237/life-engage-admin-services/downloadContent?fileName=claimslogged-ui-json.json&ts=1490707297680",
                     "lastUpdated": null,
                     "version": "1",
                     "type": "Config Files",
                     "isMandatory": "Yes",
                     "language": "English",
                     "fileSize": 1778,
                     "description": "Latest"
                     },
                     {
                     "fileName": "locations.json",
                     "tabletFullPath": null,
                     "publicURL": "http://175.136.248.237/life-engage-admin-services/downloadContent?fileName=locations.json&ts=1490707297777",
                     "lastUpdated": null,
                     "version": "1",
                     "type": "Config Files",
                     "isMandatory": "Yes",
                     "language": "English",
                     "fileSize": 35017,
                     "description": "Latest"
                     },
                     {
                     "fileName": "piam.json",
                     "tabletFullPath": null,
                     "publicURL": "http://175.136.248.237/life-engage-admin-services/downloadContent?fileName=piam.json&ts=1490707297876",
                     "lastUpdated": null,
                     "version": "1",
                     "type": "Config Files",
                     "isMandatory": "Yes",
                     "language": "English",
                     "fileSize": 311,
                     "description": ""
                     },
                     {
                     "fileName": "hospital.json",
                     "tabletFullPath": null,
                     "publicURL": "http://175.136.248.237/life-engage-admin-services/downloadContent?fileName=hospital.json&ts=1490707297977",
                     "lastUpdated": null,
                     "version": "1",
                     "type": "Config Files",
                     "isMandatory": "Yes",
                     "language": "English",
                     "fileSize": 714,
                     "description": ""
                     },
                     {
                     "fileName": "appconfig.json",
                     "tabletFullPath": null,
                     "publicURL": "http://175.136.248.237/life-engage-admin-services/downloadContent?fileName=appconfig.json&ts=1490707298062",
                     "lastUpdated": null,
                     "version": "2",
                     "type": "Config Files",
                     "isMandatory": "Yes",
                     "language": "English",
                     "fileSize": 294,
                     "description": "appconfig"
                     },
                     {
                     "fileName": "guide.json",
                     "tabletFullPath": null,
                     "publicURL": "http://175.136.248.237/life-engage-admin-services/downloadContent?fileName=guide.json&ts=1490707298148",
                     "lastUpdated": null,
                     "version": "1",
                     "type": "Config Files",
                     "isMandatory": "Yes",
                     "language": "English",
                     "fileSize": 580,
                     "description": ""
                     },
                     {
                     "fileName": "Agents' Guide - Non-Motor.pdf",
                     "tabletFullPath": null,
                     "publicURL": "http://175.136.248.237/life-engage-admin-services/downloadContent?fileName=Agents' Guide - Non-Motor.pdf&ts=1490707298251",
                     "lastUpdated": null,
                     "version": "1",
                     "type": "PDF",
                     "isMandatory": "Yes",
                     "language": "English",
                     "fileSize": 3818819,
                     "description": "Agents guide non motor"
                     },
                     {
                     "fileName": "Tr Slides - MPIB, Motor Straight Through.pdf",
                     "tabletFullPath": null,
                     "publicURL": "http://175.136.248.237/life-engage-admin-services/downloadContent?fileName=Tr Slides - MPIB, Motor Straight Through.pdf&ts=1490707305620",
                     "lastUpdated": null,
                     "version": "1",
                     "type": "PDF",
                     "isMandatory": "Yes",
                     "language": "English",
                     "fileSize": 357211,
                     "description": ""
                     },
                     {
                     "fileName": "Agents Guide - Motor Insurance.pdf",
                     "tabletFullPath": null,
                     "publicURL": "http://175.136.248.237/life-engage-admin-services/downloadContent?fileName=Agents Guide - Motor Insurance.pdf&ts=1490707306411",
                     "lastUpdated": null,
                     "version": "1",
                     "type": "PDF",
                     "isMandatory": "Yes",
                     "language": "English",
                     "fileSize": 294124,
                     "description": "Agents Guide - Motor"
                     },
		     {
      		     "fileName": "cpdhours-ui-json.json",
      		     "tabletFullPath": null,
      		     "publicURL": "http://10.10.220.10:8080/life-engage-admin-services/downloadContent?fileName=cpdhours-ui-json.json&ts=1490707297876",
      		     "lastUpdated": null,
      		     "version": "1",
      		     "type": "Config Files",
      		     "isMandatory": "Yes",
      		     "language": "English",
      		     "fileSize": 311,
      		     "description": ""
      		     },
      		     {
      		     "fileName": "impCommunication.json",
      		     "tabletFullPath": null,
      		     "publicURL": "http://10.10.220.10:8080/life-engage-admin-services/downloadContent?fileName=impCommunication.json&ts=1490707297977",
      		     "lastUpdated": null,
      		     "version": "1",
      		     "type": "Config Files",
      		     "isMandatory": "Yes",
      		     "language": "English",
      		     "fileSize": 714,
      		     "description": ""
      		     }
                     ]
}
