{
	"Version": "1",
	"state": [
        {
            "code": "Johor",
            "name": "Johor",
            "cities": [
                "Ayer Baloi",
                "Ayer Hitam",
                "Ayer Tawar 2",
                "Ayer Tawar 3",
                "Ayer Tawar 4",
                "Ayer Tawar 5",
                "Bandar Penawar",
                "Bandar Tenggara",
                "Batu Anam",
                "Batu Pahat",
                "Bekok",
                "Benut",
                "Bukit Gambir",
                "Bukit Pasir",
                "Chaah",
                "Endau",
                "Gelang Patah",
                "Gerisek",
                "Gugusan Taib Andak",
                "Jementah",
                "Johor",
                "Johor Bahru",
                "Kahang",
                "Kluang",
                "Kota Tinggi",
                "Kukup",
                "Kulai",
                "Labis",
                "Layang-layang",
                "Masai",
                "Mersing",
                "Muar",
                "Nusajaya",
                "Pagoh",
                "Paloh",
                "Panchor",
                "Parit Jawa",
                "Parit Raja",
                "Parit Sulong",
                "Pasir Gudang",
                "Pekan Nenas",
                "Pengerang",
                "Pontian",
                "Rengam",
                "Rengit",
                "Sagil",
                "Segamat",
                "Semerah",
                "Senai",
                "Senggarang",
                "Seri Gading",
                "Seri Medan",
                "Simpang Rengam",
                "Sungai Mati",
                "Tangkak",
                "Tongkang Pecah",
                "Ulu Tiram",
                "Yong Peng"
            ]
        },
        {
            "code": "Kedah",
            "name": "Kedah",
            "cities": [
                "Alor Setar",
                "Ayer Hitam",
                "Baling",
                "Bandar Baharu",
                "Bedong",
                "Bukit Kayu Hitam",
                "Changloon",
                "Gurun",
                "Jeniang",
                "Jitra",
                "Karangan",
                "Kepala Batas",
                "Kodiang",
                "Kota Kuala Muda",
                "Kota Sarang Semut",
                "Kuala Kedah",
                "Kuala Ketil",
                "Kuala Nerang",
                "Kuala Pegang",
                "Kulim",
                "Kupang",
                "Langgar",
                "Langkawi",
                "Lunas",
                "Merbok",
                "Padang Serai",
                "Pendang",
                "Pokok Sena",
                "Serdang",
                "Sik",
                "Simpang Empat",
                "Sungai Petani",
                "Yan"
            ]
        },
        {
            "code": "Kelantan",
            "name": "Kelantan",
            "cities": [
                "Ayer Lanas",
                "Bachok",
                "Cherang Ruku",
                "Dabong",
                "Gua Musang",
                "Jeli",
                "Kem Desa Pahlawan",
                "Ketereh",
                "Kota Bharu",
                "Kuala Balah",
                "Kuala Krai",
                "Machang",
                "Melor",
                "Pasir Mas",
                "Pasir Puteh",
                "Pulai Chondong",
                "Rantau Panjang",
                "Selising",
                "Tanah Merah",
                "Temangan",
                "Tumpat",
                "Wakaf Bharu"
            ]
        },
        {
            "code": "Melaka",
            "name": "Melaka",
            "cities": [
                "Alor Gajah",
                "Asahan",
                "Ayer Keroh",
                "Bemban",
                "Durian Tunggal",
                "Jasin",
                "Kem Trendak",
                "Kuala Sungai Baru",
                "Lubok China",
                "Masjid Tanah",
                "Melaka",
                "Merlimau",
                "Peringgit",
                "Selandar",
                "Sungai Rambai",
                "Sungai Udang",
                "Tanjong Kling"
            ]
        },
        {
            "code": "Negeri Sembilan",
            "name": "Negeri Sembilan",
            "cities": [
                "Bahau",
                "Bandar Enstek",
                "Bandar Seri Jempol",
                "Batu Kikir",
                "Gemas",
                "Gemencheh",
                "Johol",
                "Kota",
                "Kuala Klawang",
                "Kuala Pilah",
                "Labu",
                "Linggi",
                "Mantin",
                "Nilai",
                "Port Dickson",
                "Pusat Bandar Palong",
                "Rantau",
                "Rembau",
                "Rompin",
                "Seremban",
                "Si Rusa",
                "Simpang Durian",
                "Simpang Pertang",
                "Tampin",
                "Tanjong Ipoh"
            ]
        },
        {
            "code": "Pahang",
            "name": "Pahang",
            "cities": [
                "Balok",
                "Bandar Bera",
                "Bandar Pusat Jengka",
                "Bandar Tun Abdul Raz",
                "Benta",
                "Bentong",
                "Brinchang",
                "Bukit Fraser",
                "Bukit Goh",
                "Chenor",
                "Chini",
                "Damak",
                "Dong",
                "Gambang",
                "Genting Highlands",
                "Jerantut",
                "Karak",
                "Kemayan",
                "Kuala Krau",
                "Kuala Lipis",
                "Kuala Rompin",
                "Kuantan",
                "Lanchang",
                "Lurah Bilut",
                "Maran",
                "Mentakab",
                "Muadzam Shah",
                "Padang Tengku",
                "Pekan",
                "Raub",
                "Ringlet",
                "Sega",
                "Sungai Koyan",
                "Sungai Lembing",
                "Sungai Ruan",
                "Tanah Rata",
                "Temerloh",
                "Triang"
            ]
        },
        {
            "code": "Perak",
            "name": "Perak",
            "cities": [
                "Ayer Tawar",
                "Bagan Datoh",
                "Bagan Serai",
                "Bandar Seri Iskandar",
                "Batu Gajah",
                "Batu Kurau",
                "Behrang Stesen",
                "Bidor",
                "Bota",
                "Bruas",
                "Changkat Jering",
                "Changkat Keruing",
                "Chemor",
                "Chenderiang",
                "Chenderong Balai",
                "Chikus",
                "Enggor",
                "Gerik",
                "Gopeng",
                "Hutan Melintang",
                "Intan",
                "Ipoh",
                "Jeram",
                "Kampar",
                "Kampung Gajah",
                "Kampung Kepayang",
                "Kamunting",
                "Kuala Kangsar",
                "Kuala Kurau",
                "Kuala Sepetang",
                "Lambor Kanan",
                "Langkap",
                "Lenggong",
                "Lumut",
                "Malim Nawar",
                "Manong",
                "Matang",
                "Padang Rengas",
                "Pangkor",
                "Pantai Remis",
                "Parit",
                "Parit Buntar",
                "Pengkalan Hulu",
                "Pusing",
                "Rantau Panjang",
                "Sauk",
                "Selama",
                "Selekoh",
                "Seri Manjung",
                "Simpang",
                "Simpang Ampat Semang",
                "Sitiawan",
                "Slim River",
                "Sungai Siput",
                "Sungai Sumun",
                "Sungkai",
                "Taiping",
                "Tanjong Malim",
                "Tanjong Piandang",
                "Tanjong Rambutan",
                "Tanjong Tualang",
                "Tapah",
                "Tapah Road",
                "Teluk Intan",
                "Temoh",
                "Tldm Lumut",
                "Trolak",
                "Trong",
                "Tronoh",
                "Ulu Bernam",
                "Ulu Kinta"
            ]
        },
        {
            "code": "Perlis",
            "name": "Perlis",
            "cities": [
                "Arau",
                "Kaki Bukit",
                "Kangar",
                "Kuala Perlis",
                "Padang Besar",
                "Simpang Ampat"
            ]
        },
        {
            "code": "Pulau Pinang",
            "name": "Pulau Pinang",
            "cities": [
                "Ayer Itam",
                "Balik Pulau",
                "Batu Ferringhi",
                "Batu Maung",
                "Bayan Lepas",
                "Bukit Mertajam",
                "Butterworth",
                "Gelugor",
                "George Town",
                "Jelutong",
                "Kepala Batas",
                "Kubang Semang",
                "Nibong Tebal",
                "Penaga",
                "Penang Hill",
                "Perai",
                "Permatang Pauh",
                "Simpang Ampat",
                "Sungai Jawi",
                "Tanjong Bungah",
                "Tanjung Bungah",
                "Tasek Gelugor",
                "Usm Pulau Pinang"
            ]
        },
        {
            "code": "Sabah",
            "name": "Sabah",
            "cities": [
                "Beaufort",
                "Beluran",
                "Beverly",
                "Bongawan",
                "Inanam",
                "Keningau",
                "Kota Belud",
                "Kota Belut",
                "Kota Kinabalu",
                "Kota Kinabatangan",
                "Kota Marudu",
                "Kuala Penyu",
                "Kudat",
                "Kunak",
                "Lahad Datu",
                "Likas",
                "Membakut",
                "Menumbok",
                "Nabawan",
                "Pamol",
                "Papar",
                "Penampang",
                "Putatan",
                "Ranau",
                "Sandakan",
                "Semporna",
                "Sipitang",
                "Tambunan",
                "Tamparuli",
                "Tanjung Aru",
                "Tawau",
                "Tenghilan",
                "Tenom",
                "Tuaran"
            ]
        },
        {
            "code": "Sarawak",
            "name": "Sarawak",
            "cities": [
                "Asajaya",
                "Balingian",
                "Baram",
                "Bau",
                "Bekenu",
                "Belaga",
                "Belawai",
                "Betong",
                "Bintangor",
                "Bintulu",
                "Dalat",
                "Daro",
                "Debak",
                "Engkilili",
                "Julau",
                "Kabong",
                "Kanowit",
                "Kapit",
                "Kota Samarahan",
                "Kuching",
                "Lawas",
                "Limbang",
                "Lingga",
                "Long Lama",
                "Lubok Antu",
                "Lundu",
                "Lutong",
                "Matu",
                "Miri",
                "Mukah",
                "Nanga Medamit",
                "Niah",
                "Pusa",
                "Roban",
                "Saratok",
                "Sarikei",
                "Sebauh",
                "Sebuyau",
                "Serian",
                "Sibu",
                "Siburan",
                "Simunjan",
                "Song",
                "Spaoh",
                "Sri Aman",
                "Sundar",
                "Tatau"
            ]
        },
        {
            "code": "Selangor",
            "name": "Selangor",
            "cities": [
                "Ampang",
                "Bandar Baru Bangi",
                "Bandar Puncak Alam",
                "Bandar Sunway",
                "Banting",
                "Batang Berjuntai",
                "Batang Kali",
                "Batu Arang",
                "Batu Caves",
                "Beranang",
                "Bukit Rotan",
                "Cheras",
                "Cyberjaya",
                "Dengkil",
                "Hulu Langat",
                "Jenjarom",
                "Jeram",
                "Jln Kelang Lama",
                "Kajang",
                "Kapar",
                "Kelang",
                "Kerling",
                "Klang",
                "Klia",
                "Kuala Kubu Baru",
                "Kuala Selangor",
                "Pelabuhan Klang",
                "Petaling Jaya",
                "Puchong",
                "Pulau Carey",
                "Pulau Indah",
                "Pulau Ketam",
                "Rasa",
                "Rawang",
                "Sabak Bernam",
                "Sekinchan",
                "Semenyih",
                "Sepang",
                "Serdang",
                "Serendah",
                "Seri Kembangan",
                "Shah Alam",
                "Subang Jaya",
                "Sungai Ayer Tawar",
                "Sungai Besar",
                "Sungai Buloh",
                "Sungai Pelek",
                "Tanjong Karang",
                "Tanjong Sepat",
                "Telok Panglima Garan"
            ]
        },
        {
            "code": "Terengganu",
            "name": "Terengganu",
            "cities": [
                "Ajil",
                "Al Muktatfi Billah S",
                "Ayer Puteh",
                "Bukit Besi",
                "Bukit Payong",
                "Ceneh",
                "Chalok",
                "Cukai",
                "Dungun",
                "Jerteh",
                "Jertih",
                "Kampung Raja",
                "Kemasek",
                "Kerteh",
                "Ketengah Jaya",
                "Kijal",
                "Kuala Berang",
                "Kuala Besut",
                "Kuala Terengganu",
                "Marang",
                "Paka",
                "Permaisuri",
                "Sungai Tong"
            ]
        },
        {
            "code": "Wilayah Persekutuan",
            "name": "Wilayah Persekutuan",
            "cities": [
                "Kepong",
                "Kuala Lumpur",
                "Labuan",
                "Putrajaya",
                "Sungai Besi"
            ]
        }
	]
}