{
	"Response": {
		"ResponseInfo": {
			"UserName": "agent name",
			"CreationDate": "09-25-2013",
			"CreationTime": "12:15:54-04:00",
			"SourceInfoName": "tablet",
			"RequestorToken": "",
			"UserEmail": "test@gmail.com",
			"LastSyncDateTime": "09-25-2013 23:15:45"
		},
		"ResponsePayload": {
			"Transactions": [{
				"Id": "",
				"Key1": "123456",
				"Key2": "ssoId",
				"Key3": "",
				"Key4": "",
				"Key5": "",
				"Key6": "",
				"Key7": "",
				"Key8": "",
				"Key9": "",
				"Key10": "",
                "Key12" : "",
                    "Key13" : "",
                    "Key14" : "",
                    "Key15" : "",
                    "Key16" : "",
                    "Key17" : "",
                    "Key18" : "",
                    "Key19" : "",
                    "Key20" : "",
                    "Key21" : "",
                    "Key22" : "",
                    "Key23" : "",
                    "Key24" : "",
                    "Key25" : "",
                    "Key26" : "",
                    "Key27" : "",
                    "Key28" : "",
                    "Key29" : "",
                    "Key30" : "",
				"Type": "MyBusiness",
				"TransTrackingID": "",
				"TransactionData": {
					"myBusinessByType": [{
						"type": "My Plan",
						"data": [{
							"month": "4",
							"year": "2015",
							"business": [{
								"month": "4",
								"year": "2015",
								"myGoalsPremium": "0.00",
								"myBusiness": "2,39,132.52",
								"myGoalsEarnings": "0.00",
								"myEarnings": "36,431.44",
								"percentageBusinessAchieved": "0.00",
								"percentageEarningsAchieved": "0.00",
								"trendInEarnings": "downward",
								"trendInBusiness": "downward"
							}]
						},
						{
							"month": "5",
							"year": "2015",
							"business": [{
								"month": "5",
								"year": "2015",
								"myGoalsPremium": "2,39,132.52",
								"myBusiness": "87,820.46",
								"myGoalsEarnings": "36,431.44",
								"myEarnings": "19,739.68",
								"percentageBusinessAchieved": "36.72",
								"percentageEarningsAchieved": "54.18",
								"trendInEarnings": "downward",
								"trendInBusiness": "downward"
							}]
						},
						{
							"month": "6",
							"year": "2015",
							"business": [{
								"month": "6",
								"year": "2015",
								"myGoalsPremium": "1,63,476.49",
								"myBusiness": "1,29,673.20",
								"myGoalsEarnings": "28,085.56",
								"myEarnings": "23,341.16",
								"percentageBusinessAchieved": "79.32",
								"percentageEarningsAchieved": "83.11",
								"trendInEarnings": "downward",
								"trendInBusiness": "downward"
							}]
						},
						{
							"month": "7",
							"year": "2015",
							"business": [{
								"month": "7",
								"year": "2015",
								"myGoalsPremium": "1,52,208.73",
								"myBusiness": "1,93,644.76",
								"myGoalsEarnings": "26,504.09",
								"myEarnings": "45,450.28",
								"percentageBusinessAchieved": "127.22",
								"percentageEarningsAchieved": "171.48",
								"trendInEarnings": "upward",
								"trendInBusiness": "upward"
							}]
						},
						{
							"month": "8",
							"year": "2015",
							"business": [{
								"month": "8",
								"year": "2015",
								"myGoalsPremium": "1,62,567.74",
								"myBusiness": "4,07,753.03",
								"myGoalsEarnings": "31,240.64",
								"myEarnings": "83,757.34",
								"percentageBusinessAchieved": "250.82",
								"percentageEarningsAchieved": "268.10",
								"trendInEarnings": "upward",
								"trendInBusiness": "upward"
							}]
						},
						{
							"month": "9",
							"year": "2015",
							"business": [{
								"month": "9",
								"year": "2015",
								"myGoalsPremium": "2,11,604.79",
								"myBusiness": "3,56,754.04",
								"myGoalsEarnings": "41,743.98",
								"myEarnings": "84,934.22",
								"percentageBusinessAchieved": "168.59",
								"percentageEarningsAchieved": "203.46",
								"trendInEarnings": "upward",
								"trendInBusiness": "upward"
							}]
						},
						{
							"month": "10",
							"year": "2015",
							"business": [{
								"month": "10",
								"year": "2015",
								"myGoalsPremium": "2,35,796.34",
								"myBusiness": "-19,013.57",
								"myGoalsEarnings": "48,942.35",
								"myEarnings": "7,300.76",
								"percentageBusinessAchieved": "-8.06",
								"percentageEarningsAchieved": "14.92",
								"trendInEarnings": "downward",
								"trendInBusiness": "downward"
							}]
						},
						{
							"month": "11",
							"year": "2015",
							"business": [{
								"month": "11",
								"year": "2015",
								"myGoalsPremium": "1,99,394.92",
								"myBusiness": "3,03,573.39",
								"myGoalsEarnings": "42,993.55",
								"myEarnings": "66,481.11",
								"percentageBusinessAchieved": "152.25",
								"percentageEarningsAchieved": "154.63",
								"trendInEarnings": "upward",
								"trendInBusiness": "upward"
							}]
						},
						{
							"month": "12",
							"year": "2015",
							"business": [{
								"month": "12",
								"year": "2015",
								"myGoalsPremium": "2,12,417.23",
								"myBusiness": "2,37,183.89",
								"myGoalsEarnings": "45,929.50",
								"myEarnings": "57,405.73",
								"percentageBusinessAchieved": "111.66",
								"percentageEarningsAchieved": "124.99",
								"trendInEarnings": "upward",
								"trendInBusiness": "upward"
							}]
						},
						{
							"month": "1",
							"year": "2015",
							"business": [{
								"myGoalsPremium": "",
								"myBusiness": "",
								"myGoalsEarnings": "",
								"myEarnings": "",
								"percentageBusinessAchieved": "",
								"percentageEarningsAchieved": "",
								"trendInEarnings": "",
								"trendInBusiness": ""
							}]
						},
						{
							"month": "2",
							"year": "2015",
							"business": [{
								"myGoalsPremium": "",
								"myBusiness": "",
								"myGoalsEarnings": "",
								"myEarnings": "",
								"percentageBusinessAchieved": "",
								"percentageEarningsAchieved": "",
								"trendInEarnings": "",
								"trendInBusiness": ""
							}]
						},
						{
							"month": "3",
							"year": "2015",
							"business": [{
								"myGoalsPremium": "",
								"myBusiness": "",
								"myGoalsEarnings": "",
								"myEarnings": "",
								"percentageBusinessAchieved": "",
								"percentageEarningsAchieved": "",
								"trendInEarnings": "",
								"trendInBusiness": ""
							}]
						}]
					},
					{
						"type": "My Business Overview",
						"data": [{
							"month": "4",
							"year": "2015",
							"myfp": "1,93,644.76",
							"totalEarnings": "45,450.28",
							"policyCount": "9",
							"policyDetails": [{
								"policyNo": "251453353",
								"clientName": "B C Pathak",
								"product": "Cognizant Life Whole Life Super 10 pay",
								"mfypAmount": "15,630.00",
								"appliedDate": "2015-04-04T00:00:00.000Z",
								"paidOnDate": "2015-04-26T00:00:00.000Z",
								"commissionEarned": "3,907.50"
							},
							{
								"policyNo": "262212152",
								"clientName": "B  Archana",
								"product": "Cognizant Life Whole Life Super 10 pay",
								"mfypAmount": "15,713.93",
								"appliedDate": "2015-04-10T00:00:00.000Z",
								"paidOnDate": "2015-04-30T00:00:00.000Z",
								"commissionEarned": "3,928.48"
							},
							{
								"policyNo": "262212335",
								"clientName": "Sanat  Samanta",
								"product": "Cognizant Life Gain Premier 20Yr 10 Pay",
								"mfypAmount": "8,729.53",
								"appliedDate": "2015-04-02T00:00:00.000Z",
								"paidOnDate": "2015-04-15T00:00:00.000Z",
								"commissionEarned": "2,182.38"
							},
							{
								"policyNo": "262249832",
								"clientName": "Manoranjan  Maity",
								"product": "Cognizant Life Whole Life Super 10 pay",
								"mfypAmount": "50,004.70",
								"appliedDate": "2015-03-22T00:00:00.000Z",
								"paidOnDate": "2015-04-08T00:00:00.000Z",
								"commissionEarned": "12,501.18"
							},
							{
								"policyNo": "262295645",
								"clientName": "Ram G Singh",
								"product": "Cognizant Life Whole Life Super 10 pay",
								"mfypAmount": "15,000.32",
								"appliedDate": "2015-02-06T00:00:00.000Z",
								"paidOnDate": "2015-04-04T00:00:00.000Z",
								"commissionEarned": "3,750.08"
							},
							{
								"policyNo": "262295769",
								"clientName": "Shiv S Rawat",
								"product": "Cognizant Life Whole Life Super 10 pay",
								"mfypAmount": "9,700.07",
								"appliedDate": "2015-04-10T00:00:00.000Z",
								"paidOnDate": "2015-04-26T00:00:00.000Z",
								"commissionEarned": "2,425.02"
							},
							{
								"policyNo": "262296700",
								"clientName": "Tapan  Manna",
								"product": "Cognizant Life Whole Life Super 10 pay",
								"mfypAmount": "15,054.00",
								"appliedDate": "2015-03-10T00:00:00.000Z",
								"paidOnDate": "2015-04-19T00:00:00.000Z",
								"commissionEarned": "3,763.50"
							},
							{
								"policyNo": "262329766",
								"clientName": "Samiran  Rana",
								"product": "Cognizant Life Whole Life Super 10 pay",
								"mfypAmount": "47,859.75",
								"appliedDate": "2015-04-18T00:00:00.000Z",
								"paidOnDate": "2015-04-26T00:00:00.000Z",
								"commissionEarned": "11,964.94"
							},
							{
								"policyNo": "262330061",
								"clientName": "Tapas K Ghorai",
								"product": "Cognizant Life Whole Life Super 10 pay",
								"mfypAmount": "50,490.50",
								"appliedDate": "2015-04-19T00:00:00.000Z",
								"paidOnDate": "2015-04-25T00:00:00.000Z",
								"commissionEarned": "12,622.63"
							}]
						},
						{
							"month": "5",
							"year": "2015",
							"myfp": "87,820.46",
							"totalEarnings": "19,739.68",
							"policyCount": "6",
							"policyDetails": [{
								"policyNo": "201343993",
								"clientName": "Rajiv  Kumar",
								"product": "Cognizant Life Gain Premier 15 Yr 8 Pay",
								"mfypAmount": "25,100.00",
								"appliedDate": "2015-05-22T00:00:00.000Z",
								"paidOnDate": "2015-05-27T00:00:00.000Z",
								"commissionEarned": "4,518.00"
							},
							{
								"policyNo": "207517863",
								"clientName": "Amit  Gupta",
								"product": "Cognizant Life Gain Premier 20Yr 10 Pay",
								"mfypAmount": "19,400.78",
								"appliedDate": "2015-05-12T00:00:00.000Z",
								"paidOnDate": "2015-05-19T00:00:00.000Z",
								"commissionEarned": "4,850.20"
							},
							{
								"policyNo": "207546243",
								"clientName": "Laxman  Singh",
								"product": "Cognizant Life Gain Premier 15 Yr 8 Pay",
								"mfypAmount": "10,363.60",
								"appliedDate": "2015-04-25T00:00:00.000Z",
								"paidOnDate": "2015-05-16T00:00:00.000Z",
								"commissionEarned": "1,865.45"
							},
							{
								"policyNo": "207546292",
								"clientName": "Surendra S Rawat",
								"product": "Cognizant Life Gain Premier 15 Yr 8 Pay",
								"mfypAmount": "16,350.00",
								"appliedDate": "2015-05-03T00:00:00.000Z",
								"paidOnDate": "2015-05-11T00:00:00.000Z",
								"commissionEarned": "2,943.00"
							},
							{
								"policyNo": "250417839",
								"clientName": "Anil  .",
								"product": "Cognizant Life Gain Premier 15 Yr 8 Pay",
								"mfypAmount": "9,699.87",
								"appliedDate": "2015-05-20T00:00:00.000Z",
								"paidOnDate": "2015-05-29T00:00:00.000Z",
								"commissionEarned": "1,745.98"
							},
							{
								"policyNo": "250417912",
								"clientName": "Surender  Kumar",
								"product": "Cognizant Life Gain Premier 15 Yr 8 Pay",
								"mfypAmount": "9,220.08",
								"appliedDate": "2015-05-23T00:00:00.000Z",
								"paidOnDate": "2015-05-27T00:00:00.000Z",
								"commissionEarned": "1,659.61"
							}]
						},
						{
							"month": "6",
							"year": "2015",
							"myfp": "1,29,673.20",
							"totalEarnings": "23,341.16",
							"policyCount": "10",
							"policyDetails": [{
								"policyNo": "201309648",
								"clientName": "Krishan C Mittal",
								"product": "Cognizant Life Gain Premier 15 Yr 8 Pay",
								"mfypAmount": "11,468.00",
								"appliedDate": "2015-06-04T00:00:00.000Z",
								"paidOnDate": "2015-06-09T00:00:00.000Z",
								"commissionEarned": "2,064.24"
							},
							{
								"policyNo": "201557611",
								"clientName": "Pankaj  Sharma",
								"product": "Cognizant Life Gain Premier 15 Yr 8 Pay",
								"mfypAmount": "10,893.00",
								"appliedDate": "2015-06-04T00:00:00.000Z",
								"paidOnDate": "2015-06-05T00:00:00.000Z",
								"commissionEarned": "1,960.74"
							},
							{
								"policyNo": "202133484",
								"clientName": "Sukhbir  .",
								"product": "Cognizant Life Gain Premier 15 Yr 8 Pay",
								"mfypAmount": "15,034.50",
								"appliedDate": "2015-06-17T00:00:00.000Z",
								"paidOnDate": "2015-06-26T00:00:00.000Z",
								"commissionEarned": "2,706.21"
							},
							{
								"policyNo": "207597972",
								"clientName": "Sunny  Jain",
								"product": "Cognizant Life Gain Premier 15 Yr 8 Pay",
								"mfypAmount": "12,499.52",
								"appliedDate": "2015-06-17T00:00:00.000Z",
								"paidOnDate": "2015-06-25T00:00:00.000Z",
								"commissionEarned": "2,249.91"
							},
							{
								"policyNo": "207598103",
								"clientName": "Prem  Chand",
								"product": "Cognizant Life Gain Premier 15 Yr 8 Pay",
								"mfypAmount": "20,952.00",
								"appliedDate": "2015-06-17T00:00:00.000Z",
								"paidOnDate": "2015-06-29T00:00:00.000Z",
								"commissionEarned": "3,771.36"
							},
							{
								"policyNo": "207598590",
								"clientName": "Vinod  Kumar",
								"product": "Cognizant Life Gain Premier 15 Yr 8 Pay",
								"mfypAmount": "11,532.89",
								"appliedDate": "2015-06-21T00:00:00.000Z",
								"paidOnDate": "2015-06-26T00:00:00.000Z",
								"commissionEarned": "2,075.92"
							},
							{
								"policyNo": "250380912",
								"clientName": "Prem  Chand",
								"product": "Cognizant Life Gain Premier 15 Yr 8 Pay",
								"mfypAmount": "13,800.00",
								"appliedDate": "2015-06-27T00:00:00.000Z",
								"paidOnDate": "2015-06-29T00:00:00.000Z",
								"commissionEarned": "2,484.00"
							},
							{
								"policyNo": "250417979",
								"clientName": "Bharat C Samanta",
								"product": "Cognizant Life Gain Premier 15 Yr 8 Pay",
								"mfypAmount": "15,000.12",
								"appliedDate": "2015-05-29T00:00:00.000Z",
								"paidOnDate": "2015-06-24T00:00:00.000Z",
								"commissionEarned": "2,700.02"
							},
							{
								"policyNo": "250562196",
								"clientName": "Karan  Singh",
								"product": "Cognizant Life Gain Premier 15 Yr 8 Pay",
								"mfypAmount": "8,729.54",
								"appliedDate": "2015-06-16T00:00:00.000Z",
								"paidOnDate": "2015-06-24T00:00:00.000Z",
								"commissionEarned": "1,571.32"
							},
							{
								"policyNo": "250562287",
								"clientName": "Ajay K Pandey",
								"product": "Cognizant Life Gain Premier 15 Yr 8 Pay",
								"mfypAmount": "8,560.44",
								"appliedDate": "2015-06-17T00:00:00.000Z",
								"paidOnDate": "2015-06-22T00:00:00.000Z",
								"commissionEarned": "1,540.88"
							}]
						},
						{
							"month": "7",
							"year": "2015",
							"myfp": "1,93,644.76",
							"totalEarnings": "45,450.28",
							"policyCount": "6",
							"policyDetails": [{
								"policyNo": "201807278",
								"clientName": "Yogender  Singh",
								"product": "Cognizant Life Gain Premier 15 Yr 8 Pay",
								"mfypAmount": "9,723.60",
								"appliedDate": "2015-07-15T00:00:00.000Z",
								"paidOnDate": "2015-07-23T00:00:00.000Z",
								"commissionEarned": "1,750.25"
							},
							{
								"policyNo": "201807294",
								"clientName": "Surendera  Singh",
								"product": "Cognizant Life Gain Premier 20Yr 10 Pay",
								"mfypAmount": "14,591.10",
								"appliedDate": "2015-07-16T00:00:00.000Z",
								"paidOnDate": "2015-07-22T00:00:00.000Z",
								"commissionEarned": "3,647.78"
							},
							{
								"policyNo": "250562345",
								"clientName": "Rajrani  .",
								"product": "Cognizant Life Gain Premier 15 Yr 8 Pay",
								"mfypAmount": "14,549.00",
								"appliedDate": "2015-07-04T00:00:00.000Z",
								"paidOnDate": "2015-07-10T00:00:00.000Z",
								"commissionEarned": "2,618.82"
							},
							{
								"policyNo": "250602026",
								"clientName": "Pushkar D Kandpal",
								"product": "Cognizant Life Gain Premier 20Yr 10 Pay",
								"mfypAmount": "43,804.50",
								"appliedDate": "2015-07-09T00:00:00.000Z",
								"paidOnDate": "2015-07-14T00:00:00.000Z",
								"commissionEarned": "10,951.13"
							},
							{
								"policyNo": "250602059",
								"clientName": "Tapan K Sasmal",
								"product": "Cognizant Life Gain Premier 20Yr 10 Pay",
								"mfypAmount": "50,050.41",
								"appliedDate": "2015-07-22T00:00:00.000Z",
								"paidOnDate": "2015-07-27T00:00:00.000Z",
								"commissionEarned": "12,512.60"
							},
							{
								"policyNo": "250602075",
								"clientName": "Soma R Sasmal",
								"product": "Cognizant Life Gain Premier 20Yr 10 Pay",
								"mfypAmount": "50,050.42",
								"appliedDate": "2015-07-22T00:00:00.000Z",
								"paidOnDate": "2015-07-27T00:00:00.000Z",
								"commissionEarned": "12,512.61"
							}]
						},
						{
							"month": "8",
							"year": "2015",
							"myfp": "4,07,753.03",
							"totalEarnings": "83,757.34",
							"policyCount": "15",
							"policyDetails": [{
								"policyNo": "207544743",
								"clientName": "Tumpa  Samanta",
								"product": "Cognizant Life Gain Premier 15 Yr 8 Pay",
								"mfypAmount": "48,410.00",
								"appliedDate": "2015-07-30T00:00:00.000Z",
								"paidOnDate": "2015-08-07T00:00:00.000Z",
								"commissionEarned": "8,713.80"
							},
							{
								"policyNo": "207598475",
								"clientName": "Kuldeep S Chauhan",
								"product": "Cognizant Life Gain Premier 15 Yr 8 Pay",
								"mfypAmount": "9,803.70",
								"appliedDate": "2015-08-14T00:00:00.000Z",
								"paidOnDate": "2015-08-19T00:00:00.000Z",
								"commissionEarned": "1,764.67"
							},
							{
								"policyNo": "207598608",
								"clientName": "Tanushree  Jana",
								"product": "Cognizant Life Gain Premier 15 Yr 8 Pay",
								"mfypAmount": "27,224.66",
								"appliedDate": "2015-06-28T00:00:00.000Z",
								"paidOnDate": "2015-08-18T00:00:00.000Z",
								"commissionEarned": "4,900.44"
							},
							{
								"policyNo": "207598616",
								"clientName": "Saurabh  Singh",
								"product": "Cognizant Life Gain Premier 15 Yr 8 Pay",
								"mfypAmount": "16,491.27",
								"appliedDate": "2015-07-04T00:00:00.000Z",
								"paidOnDate": "2015-08-04T00:00:00.000Z",
								"commissionEarned": "2,968.43"
							},
							{
								"policyNo": "250380615",
								"clientName": "Dhananjoy  Pore",
								"product": "Cognizant Life Gain Premier 15 Yr 8 Pay",
								"mfypAmount": "48,501.79",
								"appliedDate": "2015-06-25T00:00:00.000Z",
								"paidOnDate": "2015-08-04T00:00:00.000Z",
								"commissionEarned": "8,730.32"
							},
							{
								"policyNo": "250380664",
								"clientName": "Ram C Joshi",
								"product": "Cognizant Life Gain Premier 20Yr 10 Pay",
								"mfypAmount": "14,999.57",
								"appliedDate": "2015-08-02T00:00:00.000Z",
								"paidOnDate": "2015-08-07T00:00:00.000Z",
								"commissionEarned": "3,749.89"
							},
							{
								"policyNo": "250380797",
								"clientName": "Ajit  Kumar",
								"product": "Cognizant Life Gain Premier 20Yr 10 Pay",
								"mfypAmount": "45,380.00",
								"appliedDate": "2015-07-24T00:00:00.000Z",
								"paidOnDate": "2015-08-05T00:00:00.000Z",
								"commissionEarned": "11,345.00"
							},
							{
								"policyNo": "250560547",
								"clientName": "Banshi  Lal",
								"product": "Cognizant Life Gain Premier 15 Yr 8 Pay",
								"mfypAmount": "14,999.90",
								"appliedDate": "2015-06-12T00:00:00.000Z",
								"paidOnDate": "2015-08-04T00:00:00.000Z",
								"commissionEarned": "2,699.98"
							},
							{
								"policyNo": "250562105",
								"clientName": "Boby  .",
								"product": "Cognizant Life Gain Premier 15 Yr 8 Pay",
								"mfypAmount": "15,106.50",
								"appliedDate": "2015-06-16T00:00:00.000Z",
								"paidOnDate": "2015-08-04T00:00:00.000Z",
								"commissionEarned": "2,719.17"
							},
							{
								"policyNo": "250601903",
								"clientName": "Pradip  Chattopadhyay",
								"product": "Cognizant Life Gain Premier 15 Yr 8 Pay",
								"mfypAmount": "16,669.63",
								"appliedDate": "2015-07-16T00:00:00.000Z",
								"paidOnDate": "2015-08-04T00:00:00.000Z",
								"commissionEarned": "3,000.53"
							},
							{
								"policyNo": "250602042",
								"clientName": "Sarwan K Gupta",
								"product": "Cognizant Life Gain Premier 20Yr 10 Pay",
								"mfypAmount": "39,999.93",
								"appliedDate": "2015-08-02T00:00:00.000Z",
								"paidOnDate": "2015-08-25T00:00:00.000Z",
								"commissionEarned": "9,999.98"
							},
							{
								"policyNo": "250602141",
								"clientName": "Ram V Jain",
								"product": "Cognizant Life Gain Premier 15 Yr 8 Pay",
								"mfypAmount": "25,000.09",
								"appliedDate": "2015-07-15T00:00:00.000Z",
								"paidOnDate": "2015-08-04T00:00:00.000Z",
								"commissionEarned": "4,500.02"
							},
							{
								"policyNo": "262297161",
								"clientName": "Narayan D Pandey",
								"product": "Cognizant Life Gain Premier 20Yr 10 Pay",
								"mfypAmount": "8,500.26",
								"appliedDate": "2015-07-30T00:00:00.000Z",
								"paidOnDate": "2015-08-20T00:00:00.000Z",
								"commissionEarned": "2,125.07"
							},
							{
								"policyNo": "262297187",
								"clientName": "Maheshi  .",
								"product": "Cognizant Life Gain Premier 20Yr 10 Pay",
								"mfypAmount": "14,999.99",
								"appliedDate": "2015-08-02T00:00:00.000Z",
								"paidOnDate": "2015-08-11T00:00:00.000Z",
								"commissionEarned": "3,750.00"
							},
							{
								"policyNo": "262297245",
								"clientName": "Chittaranjan  Rana",
								"product": "Cognizant Life Gain Premier 20Yr 10 Pay",
								"mfypAmount": "49,160.00",
								"appliedDate": "2015-08-12T00:00:00.000Z",
								"paidOnDate": "2015-08-31T00:00:00.000Z",
								"commissionEarned": "12,290.00"
							},
							{
								"policyNo": "310866496",
								"clientName": "Sarwan K Gupta",
								"product": "Cognizant Life Mangal Endowment plan 12 Yr 6 Pay",
								"mfypAmount": "-10,282.50",
								"appliedDate": "2007-03-18T00:00:00.000Z",
								"paidOnDate": "2007-03-21T00:00:00.000Z",
								"commissionEarned": "-3,084.75"
							},
							{
								"policyNo": "314989427",
								"clientName": "Sarwan K Gupta",
								"product": "Cognizant Life  Mangal Endowment plan 12 Yr 6 Pay",
								"mfypAmount": "10,282.10",
								"appliedDate": "2015-08-19T00:00:00.000Z",
								"paidOnDate": "2015-08-21T00:00:00.000Z",
								"commissionEarned": "3,084.63"
							},
							{
								"policyNo": "874738032",
								"clientName": "Sarwan K Gupta",
								"product": "Cognizant Life  Mangal Endowment plan 12 Yr 6 Pay",
								"mfypAmount": "-20,748.00",
								"appliedDate": "2013-03-12T00:00:00.000Z",
								"paidOnDate": "2013-03-15T00:00:00.000Z",
								"commissionEarned": "-5,187.00"
							},
							{
								"policyNo": "896818705",
								"clientName": "Sarwan K Gupta",
								"product": "Cognizant Life  Mangal Endowment plan 12 Yr 6 Pay",
								"mfypAmount": "20,748.14",
								"appliedDate": "2015-08-19T00:00:00.000Z",
								"paidOnDate": "2015-08-22T00:00:00.000Z",
								"commissionEarned": "5,187.04"
							}]
						},
						{
							"month": "9",
							"year": "2015",
							"myfp": "3,56,754.04",
							"totalEarnings": "84,934.22",
							"policyCount": "16",
							"policyDetails": [{
								"policyNo": "207545104",
								"clientName": "Ganga S Rawat",
								"product": "Cognizant Life Gain Premier 15 Yr 8 Pay",
								"mfypAmount": "11,639.88",
								"appliedDate": "2015-09-04T00:00:00.000Z",
								"paidOnDate": "2015-09-19T00:00:00.000Z",
								"commissionEarned": "2,095.18"
							},
							{
								"policyNo": "207546300",
								"clientName": "Subhas  Mete",
								"product": "Cognizant Life Gain Premier 20Yr 10 Pay",
								"mfypAmount": "20,000.20",
								"appliedDate": "2015-08-27T00:00:00.000Z",
								"paidOnDate": "2015-09-17T00:00:00.000Z",
								"commissionEarned": "5,000.05"
							},
							{
								"policyNo": "262254824",
								"clientName": "Poonam  Sharma",
								"product": "Cognizant Life Gain Premier 15 Yr 8 Pay",
								"mfypAmount": "14,550.28",
								"appliedDate": "2015-08-14T00:00:00.000Z",
								"paidOnDate": "2015-09-16T00:00:00.000Z",
								"commissionEarned": "2,619.05"
							},
							{
								"policyNo": "262295363",
								"clientName": "Dalip S Negi",
								"product": "Cognizant Life Gain Premier 20Yr 10 Pay",
								"mfypAmount": "25,077.00",
								"appliedDate": "2015-09-10T00:00:00.000Z",
								"paidOnDate": "2015-09-22T00:00:00.000Z",
								"commissionEarned": "6,269.25"
							},
							{
								"policyNo": "262295454",
								"clientName": "Purnendu  Samanta",
								"product": "Cognizant Life Gain Premier 20Yr 10 Pay",
								"mfypAmount": "25,065.00",
								"appliedDate": "2015-08-27T00:00:00.000Z",
								"paidOnDate": "2015-09-03T00:00:00.000Z",
								"commissionEarned": "6,266.25"
							},
							{
								"policyNo": "262295512",
								"clientName": "Dipankar  Dolai",
								"product": "Cognizant Life Gain Premier 20Yr 10 Pay",
								"mfypAmount": "9,843.83",
								"appliedDate": "2015-09-02T00:00:00.000Z",
								"paidOnDate": "2015-09-19T00:00:00.000Z",
								"commissionEarned": "2,460.96"
							},
							{
								"policyNo": "262295538",
								"clientName": "Samir K Samanta",
								"product": "Cognizant Life  Whole Life Super 10 pay",
								"mfypAmount": "57,432.00",
								"appliedDate": "2015-09-09T00:00:00.000Z",
								"paidOnDate": "2015-09-15T00:00:00.000Z",
								"commissionEarned": "14,358.00"
							},
							{
								"policyNo": "262295678",
								"clientName": "Daulti  Devi",
								"product": "Cognizant Life Gain Premier 20Yr 10 Pay",
								"mfypAmount": "16,500.27",
								"appliedDate": "2015-09-02T00:00:00.000Z",
								"paidOnDate": "2015-09-11T00:00:00.000Z",
								"commissionEarned": "4,125.07"
							},
							{
								"policyNo": "262295777",
								"clientName": "Vakil  Ahmed",
								"product": "Cognizant Life Gain Premier 15 Yr 8 Pay",
								"mfypAmount": "9,768.60",
								"appliedDate": "2015-09-12T00:00:00.000Z",
								"paidOnDate": "2015-09-18T00:00:00.000Z",
								"commissionEarned": "1,758.35"
							},
							{
								"policyNo": "262295785",
								"clientName": "Shakil  Ahmed",
								"product": "Cognizant Life Gain Premier 15 Yr 8 Pay",
								"mfypAmount": "9,803.70",
								"appliedDate": "2015-09-11T00:00:00.000Z",
								"paidOnDate": "2015-09-22T00:00:00.000Z",
								"commissionEarned": "1,764.67"
							},
							{
								"policyNo": "262296163",
								"clientName": "Rajesh K Tyagi",
								"product": "Cognizant Life Gain Premier 20Yr 10 Pay",
								"mfypAmount": "25,002.10",
								"appliedDate": "2015-09-17T00:00:00.000Z",
								"paidOnDate": "2015-09-22T00:00:00.000Z",
								"commissionEarned": "6,250.53"
							},
							{
								"policyNo": "262296288",
								"clientName": "Narayan  Singh",
								"product": "Cognizant Life  Whole Life Super 10 pay",
								"mfypAmount": "20,000.18",
								"appliedDate": "2015-09-17T00:00:00.000Z",
								"paidOnDate": "2015-09-22T00:00:00.000Z",
								"commissionEarned": "5,000.05"
							},
							{
								"policyNo": "262296932",
								"clientName": "Bhulan  .",
								"product": "Cognizant Life Gain Premier 20Yr 10 Pay",
								"mfypAmount": "17,499.88",
								"appliedDate": "2015-09-02T00:00:00.000Z",
								"paidOnDate": "2015-09-16T00:00:00.000Z",
								"commissionEarned": "4,374.97"
							},
							{
								"policyNo": "262297062",
								"clientName": "Desh R Singh",
								"product": "Cognizant Life  Whole Life Super 10 pay",
								"mfypAmount": "15,034.68",
								"appliedDate": "2015-08-21T00:00:00.000Z",
								"paidOnDate": "2015-09-02T00:00:00.000Z",
								"commissionEarned": "3,758.67"
							},
							{
								"policyNo": "262297203",
								"clientName": "Paresh N Manna",
								"product": "Cognizant Life Whole Life Super 10 pay",
								"mfypAmount": "38,801.11",
								"appliedDate": "2015-09-10T00:00:00.000Z",
								"paidOnDate": "2015-09-16T00:00:00.000Z",
								"commissionEarned": "9,700.28"
							},
							{
								"policyNo": "262297294",
								"clientName": "Pradeep  Jain",
								"product": "Cognizant Life Whole Life Super 10 pay",
								"mfypAmount": "25,100.09",
								"appliedDate": "2015-09-05T00:00:00.000Z",
								"paidOnDate": "2015-09-10T00:00:00.000Z",
								"commissionEarned": "6,275.02"
							}]
						},
						{
							"month": "10",
							"year": "2015",
							"myfp": "-19,013.57",
							"totalEarnings": "7,300.76",
							"policyCount": "3",
							"policyDetails": [{
								"policyNo": "207598251",
								"clientName": "Deepa  Negi",
								"product": "Cognizant Life Gain Premier 20Yr 10 Pay",
								"mfypAmount": "9,409.00",
								"appliedDate": "2015-09-17T00:00:00.000Z",
								"paidOnDate": "2015-10-13T00:00:00.000Z",
								"commissionEarned": "2,352.25"
							},
							{
								"policyNo": "262295355",
								"clientName": "Reeta  Mondal",
								"product": "Cognizant Life Gain Premier 15 Yr 8 Pay",
								"mfypAmount": "20,056.00",
								"appliedDate": "2015-10-06T00:00:00.000Z",
								"paidOnDate": "2015-10-27T00:00:00.000Z",
								"commissionEarned": "3,610.08"
							},
							{
								"policyNo": "262295595",
								"clientName": "Dilip K Chaurasiya",
								"product": "Cognizant Life Whole Life Super 10 pay",
								"mfypAmount": "23,855.00",
								"appliedDate": "2015-10-06T00:00:00.000Z",
								"paidOnDate": "2015-10-27T00:00:00.000Z",
								"commissionEarned": "5,963.75"
							},
							{
								"policyNo": "262295710",
								"clientName": "Arvind K Negi",
								"product": "Cognizant Life Gain Premier 15 Yr 8 Pay",
								"mfypAmount": "9,778.50",
								"appliedDate": "2015-10-06T00:00:00.000Z",
								"paidOnDate": "2015-10-14T00:00:00.000Z",
								"commissionEarned": "1,760.13"
							},
							{
								"policyNo": "262296254",
								"clientName": "Jaswant  Singh",
								"product": "Cognizant Life Whole Life Super 10 pay",
								"mfypAmount": "14,550.24",
								"appliedDate": "2015-09-24T00:00:00.000Z",
								"paidOnDate": "2015-10-16T00:00:00.000Z",
								"commissionEarned": "3,637.56"
							},
							{
								"policyNo": "262296445",
								"clientName": "Kapil  Dev",
								"product": "Cognizant Life Whole Life Super 10 pay",
								"mfypAmount": "34,999.99",
								"appliedDate": "2015-09-18T00:00:00.000Z",
								"paidOnDate": "2015-10-27T00:00:00.000Z",
								"commissionEarned": "8,750.00"
							},
							{
								"policyNo": "262296536",
								"clientName": "Naresh  Kumar",
								"product": "Cognizant Life Whole Life Super 10 pay",
								"mfypAmount": "33,945.00",
								"appliedDate": "2015-10-06T00:00:00.000Z",
								"paidOnDate": "2015-10-16T00:00:00.000Z",
								"commissionEarned": "8,486.25"
							},
							{
								"policyNo": "374021137",
								"clientName": "Ashok  Jana",
								"product": "Cognizant Life Life Partner Plus Endowment to Age 75 Plan -03 Pay",
								"mfypAmount": "-23,290.00",
								"appliedDate": "2009-03-29T00:00:00.000Z",
								"paidOnDate": "2009-03-31T00:00:00.000Z",
								"commissionEarned": "-2,329.00"
							},
							{
								"policyNo": "727841686",
								"clientName": "Ashok  Jana",
								"product": "",
								"mfypAmount": "-49,000.00",
								"appliedDate": "2009-01-16T00:00:00.000Z",
								"paidOnDate": "2009-01-21T00:00:00.000Z",
								"commissionEarned": "-7,350.00"
							},
							{
								"policyNo": "864206875",
								"clientName": "Ashok  Jana",
								"product": "Cognizant Life Life Gain Plus 20 Yr 10 Pay",
								"mfypAmount": "-46,659.20",
								"appliedDate": "2012-03-13T00:00:00.000Z",
								"paidOnDate": "2012-03-23T00:00:00.000Z",
								"commissionEarned": "-11,664.80"
							},
							{
								"policyNo": "871559902",
								"clientName": "Ashok  Jana",
								"product": "Cognizant Life Mangal Endowment plan 12 Yr 6 Pay",
								"mfypAmount": "-19,972.00",
								"appliedDate": "2012-10-05T00:00:00.000Z",
								"paidOnDate": "2012-10-15T00:00:00.000Z",
								"commissionEarned": "-4,993.00"
							}]
						},
						{
							"month": "11",
							"year": "2015",
							"myfp": "3,03,573.39",
							"totalEarnings": "66,481.11",
							"policyCount": "11",
							"policyDetails": [{
								"policyNo": "207517814",
								"clientName": "Damodar P Joshi",
								"product": "Cognizant Life Whole Life Super 10 pay",
								"mfypAmount": "23,592.00",
								"appliedDate": "2015-10-29T00:00:00.000Z",
								"paidOnDate": "2015-11-27T00:00:00.000Z",
								"commissionEarned": "5,898.00"
							},
							{
								"policyNo": "262211899",
								"clientName": "Arun  Pant",
								"product": "Cognizant Life Whole Life Super 10 pay",
								"mfypAmount": "35,890.00",
								"appliedDate": "2015-11-13T00:00:00.000Z",
								"paidOnDate": "2015-11-18T00:00:00.000Z",
								"commissionEarned": "8,972.50"
							},
							{
								"policyNo": "262212079",
								"clientName": "Khem  Ram",
								"product": "Cognizant Life Whole Life Super 10 pay",
								"mfypAmount": "15,705.00",
								"appliedDate": "2015-11-22T00:00:00.000Z",
								"paidOnDate": "2015-11-30T00:00:00.000Z",
								"commissionEarned": "3,926.25"
							},
							{
								"policyNo": "262295371",
								"clientName": "Ashok  Jana",
								"product": "Cognizant Life Whole Life Super 10 pay",
								"mfypAmount": "44,051.00",
								"appliedDate": "2015-08-21T00:00:00.000Z",
								"paidOnDate": "2015-11-30T00:00:00.000Z",
								"commissionEarned": "11,012.75"
							},
							{
								"policyNo": "262295603",
								"clientName": "Satish  .",
								"product": "Cognizant Life Gain Premier 20Yr 10 Pay",
								"mfypAmount": "24,927.00",
								"appliedDate": "2015-10-29T00:00:00.000Z",
								"paidOnDate": "2015-11-14T00:00:00.000Z",
								"commissionEarned": "6,231.75"
							},
							{
								"policyNo": "262296692",
								"clientName": "Tapas  Manna",
								"product": "Cognizant Life Whole Life Super 10 pay",
								"mfypAmount": "12,828.00",
								"appliedDate": "2015-11-10T00:00:00.000Z",
								"paidOnDate": "2015-11-30T00:00:00.000Z",
								"commissionEarned": "3,207.00"
							},
							{
								"policyNo": "262296825",
								"clientName": "Mohd S Ansari",
								"product": "Cognizant Life Gain Premier 15 Yr 8 Pay",
								"mfypAmount": "14,550.12",
								"appliedDate": "2015-10-17T00:00:00.000Z",
								"paidOnDate": "2015-11-26T00:00:00.000Z",
								"commissionEarned": "2,619.02"
							},
							{
								"policyNo": "374021137",
								"clientName": "Ashok  Jana",
								"product": "Cognizant Life Life Partner Plus Endowment to Age 75 Plan -03 Pay",
								"mfypAmount": "23,290.00",
								"appliedDate": "2009-03-29T00:00:00.000Z",
								"paidOnDate": "2009-03-31T00:00:00.000Z",
								"commissionEarned": "2,329.00"
							},
							{
								"policyNo": "727841686",
								"clientName": "Ashok  Jana",
								"product": "",
								"mfypAmount": "49,000.00",
								"appliedDate": "2009-01-16T00:00:00.000Z",
								"paidOnDate": "2009-01-21T00:00:00.000Z",
								"commissionEarned": "7,350.00"
							},
							{
								"policyNo": "864206875",
								"clientName": "Ashok  Jana",
								"product": "Cognizant Life Life Gain Plus 20 Yr 10 Pay",
								"mfypAmount": "46,659.20",
								"appliedDate": "2012-03-13T00:00:00.000Z",
								"paidOnDate": "2012-03-23T00:00:00.000Z",
								"commissionEarned": "11,664.80"
							},
							{
								"policyNo": "871559902",
								"clientName": "Ashok  Jana",
								"product": "Cognizant Life Mangal Endowment plan 12 Yr 6 Pay",
								"mfypAmount": "19,972.00",
								"appliedDate": "2012-10-05T00:00:00.000Z",
								"paidOnDate": "2012-10-15T00:00:00.000Z",
								"commissionEarned": "4,993.00"
							}]
						},
						{
							"month": "12",
							"year": "2015",
							"myfp": "2,37,183.89",
							"totalEarnings": "57,405.73",
							"policyCount": "9",
							"policyDetails": [{
								"policyNo": "251453353",
								"clientName": "B C Pathak",
								"product": "Cognizant Life Whole Life Super 10 pay",
								"mfypAmount": "15,630.00",
								"appliedDate": "2015-12-04T00:00:00.000Z",
								"paidOnDate": "2015-12-26T00:00:00.000Z",
								"commissionEarned": "3,907.50"
							},
							{
								"policyNo": "262212152",
								"clientName": "B  Archana",
								"product": "Cognizant Life Whole Life Super 10 pay",
								"mfypAmount": "15,713.93",
								"appliedDate": "2015-12-10T00:00:00.000Z",
								"paidOnDate": "2015-12-30T00:00:00.000Z",
								"commissionEarned": "3,928.48"
							},
							{
								"policyNo": "262212335",
								"clientName": "Sanat  Samanta",
								"product": "Cognizant Life Gain Premier 20Yr 10 Pay",
								"mfypAmount": "8,729.53",
								"appliedDate": "2015-12-02T00:00:00.000Z",
								"paidOnDate": "2015-12-15T00:00:00.000Z",
								"commissionEarned": "2,182.38"
							},
							{
								"policyNo": "262249832",
								"clientName": "Manoranjan  Maity",
								"product": "Cognizant Life Whole Life Super 10 pay",
								"mfypAmount": "50,004.70",
								"appliedDate": "2015-11-22T00:00:00.000Z",
								"paidOnDate": "2015-12-08T00:00:00.000Z",
								"commissionEarned": "12,501.18"
							},
							{
								"policyNo": "262295645",
								"clientName": "Ram G Singh",
								"product": "Cognizant Life Whole Life Super 10 pay",
								"mfypAmount": "15,000.32",
								"appliedDate": "2015-10-06T00:00:00.000Z",
								"paidOnDate": "2015-12-04T00:00:00.000Z",
								"commissionEarned": "3,750.08"
							},
							{
								"policyNo": "262295769",
								"clientName": "Shiv S Rawat",
								"product": "Cognizant Life Whole Life Super 10 pay",
								"mfypAmount": "9,700.07",
								"appliedDate": "2015-12-10T00:00:00.000Z",
								"paidOnDate": "2015-12-26T00:00:00.000Z",
								"commissionEarned": "2,425.02"
							},
							{
								"policyNo": "262296700",
								"clientName": "Tapan  Manna",
								"product": "Cognizant Life Whole Life Super 10 pay",
								"mfypAmount": "15,054.00",
								"appliedDate": "2015-11-10T00:00:00.000Z",
								"paidOnDate": "2015-12-19T00:00:00.000Z",
								"commissionEarned": "3,763.50"
							},
							{
								"policyNo": "262329766",
								"clientName": "Samiran  Rana",
								"product": "Cognizant Life Whole Life Super 10 pay",
								"mfypAmount": "47,859.75",
								"appliedDate": "2015-12-18T00:00:00.000Z",
								"paidOnDate": "2015-12-26T00:00:00.000Z",
								"commissionEarned": "11,964.94"
							},
							{
								"policyNo": "262330061",
								"clientName": "Tapas K Ghorai",
								"product": "Cognizant Life Whole Life Super 10 pay",
								"mfypAmount": "50,490.50",
								"appliedDate": "2015-12-19T00:00:00.000Z",
								"paidOnDate": "2015-12-25T00:00:00.000Z",
								"commissionEarned": "12,622.63"
							}]
						},
						{
							"month": "2",
							"year": "2015",
							"myfp": "",
							"totalEarnings": "",
							"policyCount": "",
							"policyDetails": []
						},
						{
							"month": "3",
							"year": "2015",
							"myfp": "",
							"totalEarnings": "",
							"policyCount": "",
							"policyDetails": []
						}]
					},
					{
						"type": "Performance Dashboard",
						"data": {
							"performanceHeading": "January Performance",
							"associateName": "Shilpa Vijay Mali",
							"branchCode": "ALTR1",
							"zone": "West 2",
							"bdm": "",
							"reportingName": "Om Pandey",
							"dateOfPromotion": "2012-08-24T00:00:00.000Z",
							"new-oldAAP": "OLD",
							"footnote": "On Role as on 1st Oct 2015 is new, rest is old",
							"dashBoardDetailsByType": [{
								"type": "Production",
								"data": [{
									"parameter": "Cases",
									"unit": "#",
									"mtd": "-1",
									"ytd": "49"
								},
								{
									"parameter": "Adj.FYP",
									"unit": "InLakhs",
									"mtd": "-0.16",
									"ytd": "10.22"
								},
								{
									"parameter": "FYC",
									"unit": "InLakhs",
									"mtd": "-0.02",
									"ytd": "1.81"
								},
								{
									"parameter": "AFYP",
									"unit": "InLakhs",
									"mtd": "-0.16",
									"ytd": "12.72"
								},
								{
									"parameter": "Recruitment",
									"unit": "#",
									"mtd": "0",
									"ytd": "5"
								},
								{
									"parameter": "QualityRecruitment",
									"unit": "#",
									"mtd": "0",
									"ytd": "N/A"
								},
								{
									"parameter": "CaseSize",
									"unit": "Rs.",
									"mtd": "15566",
									"ytd": "25955"
								},
								{
									"parameter": "Average Agent Productivity",
									"unit": "Rs.",
									"mtd": "-1415",
									"ytd": "10174"
								}]
							},
							{
								"type": "2015-2015 Champions Meet",
								"header": {
									"header1": "Criteria",
									"header2": "Adj. FYP in Lakhs(On role as in 31st Oct 2015)",
									"header3": "Adj. FYP in Lakhs(On role before 31st Oct 2015)"
								},
								"data": [{
									"criteria": "Criteria (Apr-Mar)",
									"criteria1": "30",
									"criteria2": "40"
								},
								{
									"criteria": "Minima (Oct-Mar)",
									"criteria1": "15",
									"criteria2": "20"
								},
								{
									"criteria": "Actual",
									"criteria1": "10.22"
								},
								{
									"criteria": "Shortfall",
									"criteria1": "29.78"
								}]
							},
							{
								"type": "QualityOfBusiness",
								"data": [{
									"parameter": "MFYP Collection Rate",
									"unit": "%",
									"ytd": "N/A"
								},
								{
									"parameter": "MFYP+FRYP Collections",
									"unit": "%",
									"ytd": "N/A"
								},
								{
									"parameter": "13M Persistency",
									"unit": "%",
									"ytd": "N/A"
								}]
							},
							{
								"type": "Star Achiever Club",
								"data": [{
									"QualityOfRec": "Base",
									"unit": "8"
								},
								{
									"QualityOfRec": "Level1",
									"unit": "2"
								},
								{
									"QualityOfRec": "Level2",
									"unit": "1"
								},
								{
									"QualityOfRec": "Level3",
									"unit": "0"
								},
								{
									"QualityOfRec": "Level4",
									"unit": "0"
								},
								{
									"QualityOfRec": "Level5",
									"unit": "0"
								}]
							},
							{
								"type": "Team Success",
								"data": [{
									"parameter": "9 In 90",
									"unit": "#",
									"mtd": "0",
									"ytd": "0"
								},
								{
									"parameter": "Case Active",
									"unit": "#",
									"mtd": "0",
									"ytd": "3"
								},
								{
									"parameter": "Activity Ratio",
									"unit": "%",
									"mtd": "0",
									"ytd": "27.27"
								},
								{
									"parameter": "Active Case Rate",
									"unit": "#",
									"mtd": "0",
									"ytd": "1.53"
								},
								{
									"parameter": "ActiveAgentManmonth",
									"unit": "#",
									"mtd": "0",
									"ytd": "19"
								},
								{
									"parameter": "FYC Proactive Agent",
									"unit": "#",
									"mtd": "1",
									"ytd": "1"
								},
								{
									"parameter": "Last 3M Zero Business(team)",
									"unit": "#",
									"mtd": "N/A",
									"ytd": "4"
								},
								{
									"parameter": "FYC From Proactive Agent",
									"unit": "InLakhs",
									"mtd": "0.5",
									"ytd": "0.5"
								}]
							},
							{
								"type": "Portfolio(As of 30th Nov 2015)",
								"data": [{
									"parameter": "Total Active Customers",
									"unit": "#",
									"ytd": "N/A"
								},
								{
									"parameter": "NOP of Active Customers",
									"unit": "#",
									"ytd": "N/A"
								},
								{
									"parameter": "Policy Density",
									"unit": "%",
									"ytd": "N/A"
								},
								{
									"parameter": "Single Policy-Customer Count",
									"unit": "#",
									"ytd": "N/A"
								}]
							},
							{
								"type": "Quarterly Projection Earning",
								"data": [{
									"parameter": "Quality Recruitment",
									"criteria": "6QRs",
									"earning": "N/A",
									"shortFall": "N/A"
								},
								{
									"parameter": "Business Support Bonus",
									"criteria": "N/A",
									"earning": "N/A",
									"shortFall": "N/A"
								},
								{
									"parameter": "Annual Bonus",
									"criteria": "N/A",
									"earning": "N/A",
									"shortFall": "N/A"
								},
								{
									"parameter": "FYC of Proactive Agent",
									"criteria": "N/A",
									"earning": "N/A",
									"shortFall": "N/A"
								}]
							},
							{
								"type": "Annual Reward & Recognition",
								"data": [{
									"parameter": "Criteria",
									"criteria": "6QRs",
									"units": "N/A",
									"actuals": "30 Lakhs Ad. FYP"
								},
								{
									"parameter": "Unit",
									"criteria": "#",
									"units": "#",
									"actuals": "InLakhs"
								},
								{
									"parameter": "Actual",
									"criteria": "5",
									"units": "N/A",
									"actuals": "10.22"
								},
								{
									"parameter": "ShortFall",
									"criteria": "1",
									"units": "N/A",
									"actuals": "19.78"
								},
								{
									"parameter": "Recognition",
									"criteria": "GET GOING",
									"units": "N/A",
									"actuals": "GET GOING"
								}]
							}]
						}
					}]
				}
			}]
		}
	}
}