{
		"Response": {
		"ResponseInfo": {
			"UserName": "agent name",
			"CreationDate": "09-25-2013",
			"CreationTime": "12:15:54-04:00",
			"SourceInfoName": "tablet",
			"RequestorToken": "",
			"UserEmail": "test@gmail.com",
			"LastSyncDate": "09-25-2013 23:15:45"
		},
		"ResponsePayload": {
			"Transactions": [{
				"Id": "",
				"Key1": "",
				"Key2": "12345",
				"Key3": "",
				"Key4": "",
				"Key5": "Agent",
				"Key6": "",
				"Key7": "",
				"Key8": "",
				"Key9": "",
				"Key10": "",
				"Key11": "",
				"Key12": "",
				"Key13": "",
				"Key14": "",
				"Key15": "",
				"Key16": "",
				"Key17": "",
				"Key18": "",
				"Key19": "",
				"Key20": "",
				"Key21": "",
				"Key22": "",
				"Key23": "",
				"Key24": "",
				"Key25": "",
				"Key26": "",
				"Key27": "",
				"Key28": "",
				"Key29": "",
				"Key30": "",
				"Type": "AgentDashboard",
				"TransTrackingID": "",
				"TransactionData": {
					"dueForRenewal7days": [{
						"majorClassName": "AVI",
						"countByMajorClass": "100"
					}, {
						"majorClassName": "BON",
						"countByMajorClass": "230"
					}, {
						"majorClassName": "ENG",
						"countByMajorClass": "56"
					}, {
						"majorClassName": "FIR",
						"countByMajorClass": "136"
					}, {
						"majorClassName": "LIB",
						"countByMajorClass": "221"
					}, {
						"majorClassName": "CGO",
						"countByMajorClass": "100"
					}, {
						"majorClassName": "HUL",
						"countByMajorClass": "212"
					}, {
						"majorClassName": "MED",
						"countByMajorClass": "321"
					}, {
						"majorClassName": "GEN",
						"countByMajorClass": "12"
					}, {
						"majorClassName": "MOT",
						"countByMajorClass": "13"
					}, {
						"majorClassName": "OIL",
						"countByMajorClass": "54"
					}, {
						"majorClassName": "PAI",
						"countByMajorClass": "26"
					}, {
						"majorClassName": "WEL",
						"countByMajorClass": "24"
					}],
					"dueForRenewal30days": [{
						"majorClassName": "AVI",
						"countByMajorClass": "200"
					}, {
						"majorClassName": "BON",
						"countByMajorClass": "160"
					}, {
						"majorClassName": "ENG",
						"countByMajorClass": "11"
					}, {
						"majorClassName": "FIR",
						"countByMajorClass": "111"
					}, {
						"majorClassName": "LIB",
						"countByMajorClass": "135"
					}, {
						"majorClassName": "CGO",
						"countByMajorClass": "50"
					}, {
						"majorClassName": "HUL",
						"countByMajorClass": "60"
					}, {
						"majorClassName": "MED",
						"countByMajorClass": "214"
					}, {
						"majorClassName": "GEN",
						"countByMajorClass": "65"
					}, {
						"majorClassName": "MOT",
						"countByMajorClass": "321"
					}, {
						"majorClassName": "OIL",
						"countByMajorClass": "12"
					}, {
						"majorClassName": "PAI",
						"countByMajorClass": "52"
					}, {
						"majorClassName": "WEL",
						"countByMajorClass": "45"
					}],
					"dueForRenewal60days": [{
						"majorClassName": "AVI",
						"countByMajorClass": "100"
					}, {
						"majorClassName": "BON",
						"countByMajorClass": "230"
					}, {
						"majorClassName": "ENG",
						"countByMajorClass": "56"
					}, {
						"majorClassName": "FIR",
						"countByMajorClass": "136"
					}, {
						"majorClassName": "LIB",
						"countByMajorClass": "221"
					}, {
						"majorClassName": "CGO",
						"countByMajorClass": "100"
					}, {
						"majorClassName": "HUL",
						"countByMajorClass": "212"
					}, {
						"majorClassName": "MED",
						"countByMajorClass": "321"
					}, {
						"majorClassName": "GEN",
						"countByMajorClass": "12"
					}, {
						"majorClassName": "MOT",
						"countByMajorClass": "13"
					}, {
						"majorClassName": "OIL",
						"countByMajorClass": "54"
					}, {
						"majorClassName": "PAI",
						"countByMajorClass": "26"
					}, {
						"majorClassName": "WEL",
						"countByMajorClass": "24"
					}],
					"claimsLogged": [{
						"claimantName": "abc",
						"policyNo": "143",
						"incurdDate": "10-01-2001",
						"status": "Active"
					}, {
						"claimantName": "xyz",
						"policyNo": "143",
						"incurdDate": "16-03-2009",
						"status": "Active"
					}, {
						"claimantName": "abc",
						"policyNo": "143",
						"incurdDate": "13-01-2010",
						"status": "InActive"
					}]
				}
			}]
		}
	}
}