{
  "Response": {
    "ResponseInfo": {
      "UserName": "agent name",
      "CreationDate": "09-25-2013",
      "CreationTime": "12:15:54-04:00",
      "SourceInfoName": "tablet",
      "RequestorToken": "",
      "UserEmail": "test@gmail.com",
      "LastSyncDateTime": "09-25-2013 23:15:45"
    },
    "ResponsePayload": {
      "Transactions": [
        {
          "Id": "",
          "Key1": "123456",
          "Key2": "ssoId",
          "Key3": "",
          "Key4": "",
          "Key5": "",
          "Key6": "",
          "Key7": "",
          "Key8": "",
          "Key9": "",
          "Key10": "",
          "Type": "Policy Status",
          "TransTrackingID": "",
          "TransactionData": [
            {
              "key": "1",
              "value": "Premium paying (regular)"
            },
            {
              "key": "1A",
              "value": "Premium Holiday"
            },
            {
              "key": "2",
              "value": "Premium waiver or payor death"
            },
            {
              "key": "3",
              "value": "Paid-up life"
            },
            {
              "key": "4",
              "value": "ETI,Paid Up Endowment,Term or Annuity"
            },
            {
              "key": "42",
              "value": "Paid-up endowment"
            },
            {
              "key": "48",
              "value": "Paid-up term"
            },
            {
              "key": "4M",
              "value": "Paid-up annuity"
            },
            {
              "key": "5",
              "value": "DISCONTINUED"
            },
            {
              "key": "6",
              "value": "SETTLEMENT"
            },
            {
              "key": "A",
              "value": "Not taken"
            },
            {
              "key": "B",
              "value": "Lapsed"
            },
            {
              "key": "C",
              "value": "Complete"
            },
            {
              "key": "D",
              "value": "Death"
            },
            {
              "key": "E",
              "value": "Surrendered"
            },
            {
              "key": "ETI",
              "value": "Extended Term Insurance"
            },
            {
              "key": "F",
              "value": "Matured"
            },
            {
              "key": "H",
              "value": "Expired"
            },
            {
              "key": "M",
              "value": "Transfer to external system"
            },
            {
              "key": "P",
              "value": "Pending"
            },
            {
              "key": "PERC",
              "value": "Pending, errors, requirements outstanding, U/W complete"
            },
            {
              "key": "R",
              "value": "Rejected"
            },
            {
              "key": "RPU",
              "value": "Reduced Paid Up"
            },
            {
              "key": "T",
              "value": "Replaced"
            },
            {
              "key": "W",
              "value": "Vested annuity"
            },
            {
              "key": "X",
              "value": "Converted"
            },
            {
              "key": "Z",
              "value": "Grace period"
            }
          ]
        }
      ]
    }
  }
}