{
	"Response": {
		"ResponseInfo": {
			"UserName": "agent name",
			"CreationDate": "09-25-2013",
			"CreationTime": "12:15:54-04:00",
			"SourceInfoName": "tablet",
			"RequestorToken": "",
			"UserEmail": "test@gmail.com",
			"LastSyncDateTime": "09-25-2013 23:15:45"
		},
		"ResponsePayload": {
			"Transactions": [{
				"Id": "",
				"Key1": "123456",
				"Key2": "ssoId",
				"Key3": "",
				"Key4": "",
				"Key5": "",
				"Key6": "",
				"Key7": "",
				"Key8": "",
				"Key9": "",
				"Key10": "",
                "Key12" : "",
                    "Key13" : "",
                    "Key14" : "",
                    "Key15" : "",
                    "Key16" : "",
                    "Key17" : "",
                    "Key18" : "",
                    "Key19" : "",
                    "Key20" : "",
                    "Key21" : "",
                    "Key22" : "",
                    "Key23" : "",
                    "Key24" : "",
                    "Key25" : "",
                    "Key26" : "",
                    "Key27" : "",
                    "Key28" : "",
                    "Key29" : "",
                    "Key30" : "",
				"Type": "PotentialToEarn",
				"TransTrackingID": "",
				"TransactionData": {
					"potentialToEarnByType": [{
						"type": "Premium Due",
						"data": [
						{
							"policyNumber": "848756854",
							"productName": "Cognizant Life College Money Back Plan",
							"firstNameOfLA": "Baby Shanaya",
							"lastNameOfLA": "Suri",
							"renewalDate": "2015-02-12T00:00:00.000Z",
							"premiumAmount": "63,456.34",
							"earnings": "3,172.82",
							"contactNumber": "9810119382",
							"email": ""
						},
						{
							"policyNumber": "880044235",
							"productName": "Cognizant Life Platinum Protect",
							"firstNameOfLA": "Mr. Anil Kumar",
							"lastNameOfLA": "Singh",
							"renewalDate": "2014-12-30T00:00:00.000Z",
							"premiumAmount": "4,7777777",
							"earnings": "3,5555555",
							"contactNumber": "",
							"email": ""
						},
						{
							"policyNumber": "880044268",
							"productName": "Cognizant Life Platinum Protect",
							"firstNameOfLA": "Mrs. Sonia",
							"lastNameOfLA": "Chopra",
							"renewalDate": "2015-02-14T00:00:00.000Z",
							"premiumAmount": "45,888888",
							"earnings": "6,78,9999",
							"contactNumber": "9899627199",
							"email": "SONYA@VERMILLION.NET.IN"
						},
                                                {
							"policyNumber": "880044268",
							"productName": "Cognizant Life Platinum Protect",
							"firstNameOfLA": "Mrs. Sonia",
							"lastNameOfLA": "Chopra",
							"renewalDate": "2015-02-14T00:00:00.000Z",
							"premiumAmount": "45,888888",
							"earnings": "6,78,9999",
							"contactNumber": "9899627199",
							"email": "SONYA@VERMILLION.NET.IN"
						}]
					},
					{
						"type": "Cheque Bounce",
						"data": [
						{
							"applicationNumber": "417616554",
							"productName": "Cognizant Life Life Maker Unit Linked Investment Plan",
							"firstNameOfLA": "Mrs. Sunita",
							"lastNameOfLA": "Bhatia",
							"mobileNumOfLA": "9810092814",
							"loginDate": "2005-11-23T00:00:00.000Z",
							"issuanceCategory": "",
							"ifyp": "30,000.00",
							"requestedDate": "2014-10-22T00:00:00.000Z",
							"receivedDate": "2014-11-01T00:00:00.000Z",
							"agingDuration": "10",
							"premiumAmount": "30,000.00",
							"earnings": "1,500.00",
							"reason": "Account Description Does Not Tally"
						},
						{
							"applicationNumber": "836986653",
							"productName": "Cognizant Life Platinum Protect",
							"firstNameOfLA": "Mr. Christopher",
							"lastNameOfLA": "C Doyle",
							"mobileNumOfLA": "9818225993",
							"loginDate": "2010-12-10T00:00:00.000Z",
							"issuanceCategory": "",
							"ifyp": "78,409.30",
							"requestedDate": "2014-12-08T00:00:00.000Z",
							"receivedDate": "2014-12-17T00:00:00.000Z",
							"agingDuration": "9",
							"premiumAmount": "78,409.30",
							"earnings": "3,920.47",
							"reason": "Insufficient Balance"
						},
						{
							"applicationNumber": "417596491",
							"productName": "Cognizant Life Life Maker Unit Linked Investment Plan",
							"firstNameOfLA": "Mrs. Sunita",
							"lastNameOfLA": "Bhatia",
							"mobileNumOfLA": "9810092814",
							"loginDate": "2005-11-23T00:00:00.000Z",
							"issuanceCategory": "",
							"ifyp": "30,000.05",
							"requestedDate": "2014-10-22T00:00:00.000Z",
							"receivedDate": "2014-11-01T00:00:00.000Z",
							"agingDuration": "10",
							"premiumAmount": "30,000.05",
							"earnings": "1,500.00",
							"reason": "Account Description Does Not Tally"
						},
						{
							"applicationNumber": "208124776",
							"productName": "Cognizant Life Gain Premier 20Yr 10 Pay",
							"firstNameOfLA": "Mr. Sonu",
							"lastNameOfLA": ".",
							"mobileNumOfLA": "9813260870",
							"loginDate": "2014-04-05T00:00:00.000Z",
							"issuanceCategory": "",
							"ifyp": "1,999.84",
							"requestedDate": "2014-12-16T00:00:00.000Z",
							"receivedDate": "2014-12-23T00:00:00.000Z",
							"agingDuration": "7",
							"premiumAmount": "1,999.84",
							"earnings": "409.97",
							"reason": "Insufficient Balance"
						}]
					},
					{
						"type": "Issuance Pending",
						"data": [{
							"applicationNumber": "250313186",
							"productName": "Cognizant Life Super Term Plan",
							"firstNameOfLA": "Mr. Arvinder Pal",
							"lastNameOfLA": "S Bhalla",
							"mobileNumOfLA": "9718999449",
							"loginDate": "2014-12-26T00:00:00.000Z",
							"issuanceCategory": "",
							"ifyp": "11,742.00",
							"medicalDiscrepancyDetails": {
								"date": "2014-12-28T00:00:00.000Z",
								"code": "Disc",
								"description": "Others with Updation"
							},
							"discrepancyStatus": "Received",
							"agingDuration": "10",
							"daLetterLink": "",
							"premiumAmount": "11,742.00",
							"earnings": "2,348.40"
						},
						{
							"applicationNumber": "250314358",
							"productName": "Cognizant Life Super Term Plan Increasing Sum Assured",
							"firstNameOfLA": "Mr. Arvinder Pal",
							"lastNameOfLA": "S Bhalla",
							"mobileNumOfLA": "9718999449",
							"loginDate": "2014-12-26T00:00:00.000Z",
							"issuanceCategory": "",
							"ifyp": "15,787.00",
							"medicalDiscrepancyDetails": {
								"date": "2014-12-28T00:00:00.000Z",
								"code": "Disc",
								"description": "Others with Updation"
							},
							"discrepancyStatus": "Received",
							"agingDuration": "10",
							"daLetterLink": "",
							"premiumAmount": "15,787.00",
							"earnings": "4,736.10"
						},
                                                {
							"applicationNumber": "250313186",
							"productName": "Cognizant Life Super Term Plan",
							"firstNameOfLA": "Mr. Arvinder Pal",
							"lastNameOfLA": "S Bhalla",
							"mobileNumOfLA": "9718999449",
							"loginDate": "2014-12-26T00:00:00.000Z",
							"issuanceCategory": "",
							"ifyp": "11,742.00",
							"medicalDiscrepancyDetails": {
								"date": "2014-12-28T00:00:00.000Z",
								"code": "Disc",
								"description": "Others with Updation"
							},
							"discrepancyStatus": "Received",
							"agingDuration": "10",
							"daLetterLink": "",
							"premiumAmount": "11,742.00",
							"earnings": "2,348.40"
						},
						{
							"applicationNumber": "250314358",
							"productName": "Cognizant Life Super Term Plan Increasing Sum Assured",
							"firstNameOfLA": "Mr. Arvinder Pal",
							"lastNameOfLA": "S Bhalla",
							"mobileNumOfLA": "9718999449",
							"loginDate": "2014-12-26T00:00:00.000Z",
							"issuanceCategory": "",
							"ifyp": "15,787.00",
							"medicalDiscrepancyDetails": {
								"date": "2014-12-28T00:00:00.000Z",
								"code": "Disc",
								"description": "Others with Updation"
							},
							"discrepancyStatus": "Received",
							"agingDuration": "10",
							"daLetterLink": "",
							"premiumAmount": "15,787.00",
							"earnings": "4,736.10"
						}]
					}]
				}
			}]
		}
	}
}