{
	"Response": {
		"ResponseInfo": {
			"UserName": "agent name",
			"CreationDate": "09-25-2013",
			"CreationTime": "12:15:54-04:00",
			"SourceInfoName": "tablet",
			"RequestorToken": "",
			"UserEmail": "test@gmail.com",
			"LastSyncDate": "09-25-2013 23:15:45"
		},
		"ResponsePayload": {
			"Transactions": [{
				"Key1": "123456",
				"Key2": "",
				"Key3": "",
				"Key4": "",
				"Key5": "",
				"Key6": "",
				"Key7": "",
				"Key8": "",
				"Key9": "",
				"Key10": "FullDetails",
				"Type": "MyEarnings",
				"TransTrackingID": "",
				"TransactionData": {
					"myEarningsByType": [{
						"type": "IncentiveStatements",
						"data": [{
							"disbursementDate": "2013-07-01T00:00:00.000Z",
							"description": "INCENTIVE Statement for July 2013",
							"incentiveDocServiceUrl": "https://tabuat.maxlifeinsurance.com/mserviceuat/getPDFFromLink?pdfLink=111441&seqID=148"
						},
						{
							"disbursementDate": "2013-08-01T00:00:00.000Z",
							"description": "INCENTIVE Statement for August 2013",
							"incentiveDocServiceUrl": "https://tabuat.maxlifeinsurance.com/mserviceuat/getPDFFromLink?pdfLink=111441&seqID=149"
						},
						{
							"disbursementDate": "2013-09-01T00:00:00.000Z",
							"description": "INCENTIVE Statement for September 2013",
							"incentiveDocServiceUrl": "https://tabuat.maxlifeinsurance.com/mserviceuat/getPDFFromLink?pdfLink=111441&seqID=150"
						}]
					}]
				}
			}]
		}
	}
}