{
   "Response":{
      "ResponseInfo":{
         "UserName":"agent name",
         "CreationDate":"09-25-2014",
         "CreationTime":"12:15:54-04:00",
         "SourceInfoName":"tablet",
         "RequestorToken":"",
         "userEmail":"test@gmail.com",
         "lastSyncDate":"09-28-2014"
      },
      "ResponsePayload":{
         "Transactions":[
            {
               "Id":"",
               "Key1":"123456",
               "Key2":"ssoId",
               "Key3":"",
               "Key4":"",
               "Key5":"",
               "Key6":"",
               "Key7":"",
               "Key8":"",
               "Key9":"",
               "Key10":"",
               "Type":"MyEarnings",
               "TransTrackingID":"",
               "TransactionData":{
                  "myEarningsByType":[
                     {
                        "type":"Policy Level Commissions",
                        "data":[
                           {
                              "policyNumber":"123456789",
                              "insured":"Mr.Anderson",
                              "plan":"Cognizant Life SMART Xpress(8 pay Premium)",
                              "mode":"Annualy",
                              "issuedDate":"12-12-2014",
                              "benefitSplit":"100",
                              "allocationDate":"11-06-2014",
                              "fycryc":"FYC",
                              "premium":"10,00,000.00",
                              "rate":"4.25",
                              "grossAmount":"61,523.00",
                              "reason":"FYC",
                              "disbursementDate":"11-07-2014"
                           },
                           {
                              "policyNumber":"987654321",
                              "insured":"Mr.Anderson",
                              "plan":"Cognizant Life SMART Xpress(8 pay Premium)",
                              "mode":"Annualy",
                              "issuedDate":"24-12-2014",
                              "benefitSplit":"100",
                              "allocationDate":"14-07-2014",
                              "fycryc":"FYC",
                              "premium":"15,00,000.00",
                              "rate":"5.0",
                              "grossAmount":"30,000.00",
                              "reason":"RC",
                              "disbursementDate":"06-05-2013"
                           },
                           {
                              "policyNumber":"123567892",
                              "insured":"Mr.Anderson",
                              "plan":"Cognizant Life SMART Xpress(8 pay Premium)",
                              "mode":"Annualy",
                              "issuedDate":"04-09-2014",
                              "benefitSplit":"100",
                              "allocationDate":"24-06-2014",
                              "fycryc":"RYC",
                              "premium":"12,00,000.00",
                              "rate":"2.50",
                              "grossAmount":"20,000.00",
                              "reason":"FYC",
                              "disbursementDate":"19-06-2017"
                           },
                           {
                              "policyNumber":"123456788",
                              "insured":"Mr.Anderson",
                              "plan":"Cognizant Life SMART Xpress(8 pay Premium)",
                              "mode":"Annualy",
                              "issuedDate":"12-07-2014",
                              "benefitSplit":"100",
                              "allocationDate":"10-05-2004",
                              "fycryc":"FYC",
                              "premium":"10,00,000.00",
                              "rate":"4.25",
                              "grossAmount":"61,523.00",
                              "reason":"RC",
                              "disbursementDate":"11-07-2012"
                           },
                           {
                              "policyNumber":"569872103",
                              "insured":"Mr.Anderson",
                              "plan":"Cognizant Life SMART Xpress(8 pay Premium)",
                              "mode":"Annualy",
                              "issuedDate":"24-05-2014",
                              "benefitSplit":"100",
                              "allocationDate":"14-08-2005",
                              "fycryc":"FYC",
                              "premium":"15,00,000.00",
                              "rate":"5.0",
                              "grossAmount":"30,000.00",
                              "reason":"FYC",
                              "disbursementDate":"06-05-2013"
                           },
                           {
                              "policyNumber":"128653974",
                              "insured":"Mr.Anderson",
                              "plan":"Cognizant Life SMART Xpress(8 pay Premium)",
                              "mode":"Annualy",
                              "issuedDate":"04-06-2004",
                              "benefitSplit":"100",
                              "allocationDate":"20-05-2010",
                              "fycryc":"RYC",
                              "premium":"12,00,000.00",
                              "rate":"2.50",
                              "grossAmount":"20,000.00",
                              "reason":"RC",
                              "disbursementDate":"14-07-2014"
                           }
                        ]
                     },
                     {
                        "type":"ACSStatements",
                        "data":[
                           {
                              
                              "disbursementDate":"23-05-2013",
                              "description":"First Fornight ACS for March 2014",
                              "acsDocServiceUrl":"https://sit-lifeengage.cognizant.com/config/Cognizant%20Technology%20Solutions.pdf"
                           },
                           {
                              
                              "disbursementDate":"14-02-2012",
                              "description":"Second Fornight ACS for April 2014",
                             "acsDocServiceUrl":"https://sit-lifeengage.cognizant.com/config/Cognizant%20Technology%20Solutions.pdf"
                           },
                           {
                            
                              "disbursementDate":"13-01-2010",
                              "description":"First Fornight ACS for March 2014",
                             "acsDocServiceUrl":"https://sit-lifeengage.cognizant.com/config/Cognizant%20Technology%20Solutions.pdf"
                           },
                           {
                             
                              "disbursementDate":"21-06-2014",
                              "description":"First Fornight ACS for Jan 2014",
                              "acsDocServiceUrl":"https://sit-lifeengage.cognizant.com/config/Cognizant%20Technology%20Solutions.pdf"
                           }
                        ]
                     },
                     {
                        "type":"IncentiveStatements",
                        "data":[
                           {
                              
                              "disbursementDate":"09-06-2013",
                              "description":"First Fornight inc for March 2014",
                              "incentiveDocServiceUrl":"https://sit-lifeengage.cognizant.com/config/Cognizant%20Technology%20Solutions.pdf"
                           },
                           {
                              
                              "disbursementDate":"09-04-2012",
                              "description":"Second Fornight inc for April 2014",
                             "incentiveDocServiceUrl":"https://sit-lifeengage.cognizant.com/config/Cognizant%20Technology%20Solutions.pdf"
                           },
                           {
                            
                              "disbursementDate":"09-05-2011",
                              "description":"First Fornight inc for March 2014",
                             "incentiveDocServiceUrl":"https://sit-lifeengage.cognizant.com/config/Cognizant%20Technology%20Solutions.pdf"
                           },
                           {
                             
                              "disbursementDate":"10-06-2010",
                              "description":"First Fornight inc for Jan 2014",
                              "incentiveDocServiceUrl":"https://sit-lifeengage.cognizant.com/config/Cognizant%20Technology%20Solutions.pdf"
                           }
                        ]
                     },
                     {
                        "type":"TDS Statements",
                        "data":[
                           {
                              
                              "disbursementDate":"24-04-2013",
                              "description":"Quater 1 TDS for Mar 2014",
                              "tdsDocServiceUrl":"https://sit-lifeengage.cognizant.com/config/Cognizant%20Technology%20Solutions.pdf"
                           },
                           {
                              
                              "disbursementDate":"04-02-2012",
                              "description":"Quater 2 TDS for Mar 2014",
                              "tdsDocServiceUrl":"https://sit-lifeengage.cognizant.com/config/Cognizant%20Technology%20Solutions.pdf"
                              
                           },
                           {
                              
                              "disbursementDate":"20-07-2014",
                              "description":"Quater 2 TDS for Mar 2014",
                              "tdsDocServiceUrl":"https://sit-lifeengage.cognizant.com/config/Cognizant%20Technology%20Solutions.pdf"
                              
                           }
                        ]
                     },
                     {
                        "type":"compensation Schemes",
                        "data":[
                           {
                              "schemeUploadedDate":"2014-10-30T00:00:00.000Z",
                              "schemeDescription":"Lorem ipsum dolor sit amet. Lorem ipsum dolor sit amet. Lorem ipsum dolor sit amet. ",
                                "moreInfoUrl":"https://sit-lifeengage.cognizant.com/config/Cognizant%20Technology%20Solutions.pdf", 
                              "details":"Piecework is the system which reward employees based on a set rate for every item they produce." 
                           },
                           {
                              "schemeUploadedDate":"2014-10-30T00:00:00.000Z",
                              "schemeDescription":"Lorem ipsum dolor sit amet. Lorem ipsum dolor sit amet. Lorem ipsum dolor sit amet. ",
                                "moreInfoUrl":"https://sit-lifeengage.cognizant.com/config/Cognizant%20Technology%20Solutions.pdf",
                               "details":"In profit sharing,Besides their regular compensation, under this profit sharing system, the employees are rewarded with a certain percentage of company profit."        
                           },
                           {
                              "schemeUploadedDate":"2014-10-30T00:00:00.000Z",
                              "schemeDescription":"Lorem ipsum dolor sit amet. Lorem ipsum dolor sit amet. Lorem ipsum dolor sit amet. ",
                              
                               "moreInfoUrl":"https://sit-lifeengage.cognizant.com/config/Cognizant%20Technology%20Solutions.pdf",
                               "details":"In profit sharing,Besides their regular compensation, under this profit sharing system, the employees are rewarded with a certain percentage of company profit."        
                           },
                           {
                              "schemeUploadedDate":"2014-10-30T00:00:00.000Z",
                              "schemeDescription":"Lorem ipsum dolor sit amet. Lorem ipsum dolor sit amet. Lorem ipsum dolor sit amet. ",
                                "moreInfoUrl":"https://sit-lifeengage.cognizant.com/config/Cognizant%20Technology%20Solutions.pdf",
                               "details":"In profit sharing,Besides their regular compensation, under this profit sharing system, the employees are rewarded with a certain percentage of company profit."        
                           }
                        ]
                     }
                  ]
               }
            }
          ]
        }      
   }
}