{
  "Response": {
    "ResponseInfo": {
      "UserName": "agent name",
      "CreationDate": "09-25-2013",
      "CreationTime": "12:15:54-04:00",
      "SourceInfoName": "tablet",
      "RequestorToken": "",
      "UserEmail": "test@gmail.com",
      "LastSyncDate": "09-25-2013 23:15:45"
    },
    "ResponsePayload": {
      "Transactions": [
        {
          "Key1": "123456",
          "Key2": "",
          "Key3": "",
          "Key4": "",
          "Key5": "",
          "Key6": "",
          "Key7": "",
          "Key8": "",
          "Key9": "",
          "Key10": "FullDetails",
          "Type": "MyEarnings",
          "TransTrackingID": "",
          "TransactionData": {
            "myEarningsByType": [
              {
                "type": "ACSStatements",
                "data": [
                  {
                    "disbursementDate": "2014-01-15T00:00:00.000Z",
                    "description": "First Fornight ACS for January 2014",
                    "acsDocServiceUrl": "https://demo-lifeengage.cognizant.com/media/CognizantTechnologySolutions.pdf"
                  },
                  {
                    "disbursementDate": "2014-01-30T00:00:00.000Z",
                    "description": "Second Fornight ACS for January 2014",
                    "acsDocServiceUrl": "https://demo-lifeengage.cognizant.com/media/CognizantTechnologySolutions.pdf"
                  },
                  {
                    "disbursementDate": "2014-02-15T00:00:00.000Z",
                    "description": "First Fornight ACS for February 2014",
                    "acsDocServiceUrl": "https://demo-lifeengage.cognizant.com/media/CognizantTechnologySolutions.pdf"
                  },
                  {
                    "disbursementDate": "2014-02-28T00:00:00.000Z",
                    "description": "Second Fornight ACS for February 2014",
                    "acsDocServiceUrl": "https://demo-lifeengage.cognizant.com/media/CognizantTechnologySolutions.pdf"
                  },
                  {
                    "disbursementDate": "2014-03-15T00:00:00.000Z",
                    "description": "First Fornight ACS for March 2014",
                    "acsDocServiceUrl": "https://demo-lifeengage.cognizant.com/media/CognizantTechnologySolutions.pdf"
                  },
                  {
                    "disbursementDate": "2014-03-30T00:00:00.000Z",
                    "description": "Second Fornight ACS for March 2014",
                    "acsDocServiceUrl": "https://demo-lifeengage.cognizant.com/media/CognizantTechnologySolutions.pdf"
                  },
                  {
                    "disbursementDate": "2014-04-15T00:00:00.000Z",
                    "description": "First Fornight ACS for April 2014",
                    "acsDocServiceUrl": "https://demo-lifeengage.cognizant.com/media/CognizantTechnologySolutions.pdf"
                  },
                  {
                    "disbursementDate": "2014-04-30T00:00:00.000Z",
                    "description": "Second Fornight ACS for April 2014",
                    "acsDocServiceUrl": "https://demo-lifeengage.cognizant.com/media/CognizantTechnologySolutions.pdf"
                  },
                  {
                    "disbursementDate": "2014-05-15T00:00:00.000Z",
                    "description": "First Fornight ACS for May 2014",
                    "acsDocServiceUrl": "https://demo-lifeengage.cognizant.com/media/CognizantTechnologySolutions.pdf"
                  },
                  {
                    "disbursementDate": "2014-05-30T00:00:00.000Z",
                    "description": "Second Fornight ACS for May 2014",
                    "acsDocServiceUrl": "https://demo-lifeengage.cognizant.com/media/CognizantTechnologySolutions.pdf"
                  },
                  {
                    "disbursementDate": "2014-06-15T00:00:00.000Z",
                    "description": "First Fornight ACS for June 2014",
                    "acsDocServiceUrl": "https://demo-lifeengage.cognizant.com/media/CognizantTechnologySolutions.pdf"
                  },
                  {
                    "disbursementDate": "2014-06-30T00:00:00.000Z",
                    "description": "Second Fornight ACS for June 2014",
                    "acsDocServiceUrl": "https://demo-lifeengage.cognizant.com/media/CognizantTechnologySolutions.pdf"
                  },
                  {
                    "disbursementDate": "2014-07-15T00:00:00.000Z",
                    "description": "First Fornight ACS for July 2014",
                    "acsDocServiceUrl": "https://demo-lifeengage.cognizant.com/media/CognizantTechnologySolutions.pdf"
                  },
                  {
                    "disbursementDate": "2014-07-30T00:00:00.000Z",
                    "description": "Second Fornight ACS for July 2014",
                    "acsDocServiceUrl": "https://demo-lifeengage.cognizant.com/media/CognizantTechnologySolutions.pdf"
                  },
                  {
                    "disbursementDate": "2014-08-15T00:00:00.000Z",
                    "description": "First Fornight ACS for August 2014",
                    "acsDocServiceUrl": "https://demo-lifeengage.cognizant.com/media/CognizantTechnologySolutions.pdf"
                  },
                  {
                    "disbursementDate": "2014-08-30T00:00:00.000Z",
                    "description": "Second Fornight ACS for August 2014",
                    "acsDocServiceUrl": "https://demo-lifeengage.cognizant.com/media/CognizantTechnologySolutions.pdf"
                  },
                  {
                    "disbursementDate": "2014-09-15T00:00:00.000Z",
                    "description": "First Fornight ACS for September 2014",
                    "acsDocServiceUrl": "https://demo-lifeengage.cognizant.com/media/CognizantTechnologySolutions.pdf"
                  },
                  {
                    "disbursementDate": "2014-09-30T00:00:00.000Z",
                    "description": "Second Fornight ACS for September 2014",
                    "acsDocServiceUrl": "https://demo-lifeengage.cognizant.com/media/CognizantTechnologySolutions.pdf"
                  },
                  {
                    "disbursementDate": "2014-10-15T00:00:00.000Z",
                    "description": "First Fornight ACS for October 2014",
                    "acsDocServiceUrl": "https://demo-lifeengage.cognizant.com/media/CognizantTechnologySolutions.pdf"
                  },
                  {
                    "disbursementDate": "2014-10-30T00:00:00.000Z",
                    "description": "Second Fornight ACS for October 2014",
                    "acsDocServiceUrl": "https://demo-lifeengage.cognizant.com/media/CognizantTechnologySolutions.pdf"
                  },
                  {
                    "disbursementDate": "2014-11-15T00:00:00.000Z",
                    "description": "First Fornight ACS for November 2014",
                    "acsDocServiceUrl": "https://demo-lifeengage.cognizant.com/media/CognizantTechnologySolutions.pdf"
                  },
                  {
                    "disbursementDate": "2014-11-30T00:00:00.000Z",
                    "description": "Second Fornight ACS for November 2014",
                    "acsDocServiceUrl": "https://demo-lifeengage.cognizant.com/media/CognizantTechnologySolutions.pdf"
                  },
                  {
                    "disbursementDate": "2014-12-15T00:00:00.000Z",
                    "description": "First Fornight ACS for December 2014",
                    "acsDocServiceUrl": "https://demo-lifeengage.cognizant.com/media/CognizantTechnologySolutions.pdf"
                  },
                  {
                    "disbursementDate": "2014-12-30T00:00:00.000Z",
                    "description": "Second Fornight ACS for December 2014",
                    "acsDocServiceUrl": "https://demo-lifeengage.cognizant.com/media/CognizantTechnologySolutions.pdf"
                  },
                  {
                    "disbursementDate": "2015-01-15T00:00:00.000Z",
                    "description": "First Fornight ACS for January 2015",
                    "acsDocServiceUrl": "https://demo-lifeengage.cognizant.com/media/CognizantTechnologySolutions.pdf"
                  },
                  {
                    "disbursementDate": "2015-01-30T00:00:00.000Z",
                    "description": "Second Fornight ACS for January 2015",
                    "acsDocServiceUrl": "https://demo-lifeengage.cognizant.com/media/CognizantTechnologySolutions.pdf"
                  }
                ]
              }
            ]
          }
        }
      ]
    }
  }
}