{
    "Response": {
        "ResponseInfo": {
            "UserName": "agent name",
            "CreationDate": "09-25-2013",
            "CreationTime": "12:15:54-04:00",
            "SourceInfoName": "tablet",
            "RequestorToken": "",
            "UserEmail": "test@gmail.com",
            "LastSyncDateTime": "09-25-2013 23:15:45"
        },
        "ResponsePayload": {
            "Transactions": [
                {
                    "Id": "",
                    "Key1": "123456",
                    "Key2": "ssoId",
                    "Key3": "",
                    "Key4": "",
                    "Key5": "",
                    "Key6": "",
                    "Key7": "",
                    "Key8": "",
                    "Key9": "",
                    "Key10": "clientId",
                    "Key12" : "",
                    "Key13" : "",
                    "Key14" : "",
                    "Key15" : "",
                    "Key16" : "",
                    "Key17" : "",
                    "Key18" : "",
                    "Key19" : "",
                    "Key20" : "",
                    "Key21" : "",
                    "Key22" : "",
                    "Key23" : "",
                    "Key24" : "",
                    "Key25" : "",
                    "Key26" : "",
                    "Key27" : "",
                    "Key28" : "",
                    "Key29" : "",
                    "Key30" : "",
                    "Type": "ProposalSearch",
                    "TransTrackingID": "",
                    "TransactionData": [
                        {
                            "proposalDetails": {
                                "proposalNumber": "1231312",
                                "proposalReceivedDate": "2014-01-15T00:00:00.000Z",
                                "planType": "Life insurance",
                                "status": "Policy Issued",                                
                                "mobNo": [
                                    "9867543210",
                                    "9876543255",
                                    "9875642302"
                                ],
                                "proposerName": "Ashok Tiwari",
                                "emailID": "ashoktiwari123@xyz.com",
                                "phoneNo": [
                                    "0022997711",
                                    "0022889966"
                                ],
                                "preferredMailingAddress": "Lorem ipsum dolor,sit amet,consecteiur adipiscing alit,0022711",
                                "planName": "Cognizant Life Partner",
                                "premiumAmount": "16,000.00",
                                "grossAmount": "20,000.00",
                                "lastUpdateDate": "2014-01-16T00:00:00.000Z",
                                "policyIssuedDate": "2014-01-18T00:00:00.000Z"
                            },
                            "proposalInfo": {
                                "riderDetails": "Lorem Ipsum",
                                "sumAssured": "3,00,000",
                                "modalPremium": "12,000",
                                "lifeInsuredName": "Rahul Khan",
                                "caseStatus": "Lorem Ipsum",
                                "workItem": "Lorem Ipsum",
                                "requirementName": "Lorem Ipsum",
                                "requirementStatus": "Lorem Ipsum",
                                "orderedDate": "2013-03-18T00:00:00.000Z",
                                "actionable": "Lorem Ipsum",
                                "pendingRequirements": [
                                    {
                                        "requirementName": "Lispium Lorium",
                                        "requirementStatus": "Lispium Lorium",
                                        "orderedDate": "2014-04-15T00:00:00.000Z"
                                    },
                                    {
                                        "requirementName": "Lispium Lorium",
                                        "requirementStatus": "Lispium Lorium",
                                        "orderedDate": "2014-04-15T00:00:00.000Z"
                                    },
                                    {
                                        "requirementName": "Lispium Lorium",
                                        "requirementStatus": "Lispium Lorium",
                                        "orderedDate": "2014-04-15T00:00:00.000Z"
                                    }
                                ]
                            }
                        },
                        {
                            "proposalDetails": {
                                "proposalNumber": "1231313",
                                "proposalReceivedDate": "2014-07-21T00:00:00.000Z",
                                "planType": "Life insurance",
                                "status": "Policy Issued",                                
                                "mobNo": [
                                    "9867543210",
                                    "9876543255",
                                    "9875642302"
                                ],
                                "proposerName": "Praveen Yadav",
                                "emailID": "praveenyadav123@xyz.com",
                                "phoneNo": [
                                    "0022997711",
                                    "0022889966"
                                ],
                                "preferredMailingAddress": "Lorem ipsum dolor,sit amet,consecteiur adipiscing alit,0022711",
                                "planName": "Cognizant Life Partner",
                                "premiumAmount": "10,000.00",
                                "grossAmount": "30,000.00",
                                "lastUpdateDate": "2014-08-21T00:00:00.000Z",
                                "policyIssuedDate": "2014-07-21T00:00:00.000Z"
                            },
                            "proposalInfo": {
                                "riderDetails": "Lorem Ipsum",
                                "sumAssured": "3,00,000",
                                "modalPremium": "12,000",
                                "lifeInsuredName": "Keerthi Yadav",
                                "caseStatus": "Lorem Ipsum",
                                "workItem": "Lorem Ipsum",
                                "requirementName": "Lorem Ipsum",
                                "requirementStatus": "Lorem Ipsum",
                                "orderedDate": "2013-07-21T00:00:00.000Z",
                                "actionable": "Lorem Ipsum",
                                "pendingRequirements": [
                                    {
                                        "requirementName": "Lispium Lorium11",
                                        "requirementStatus": "Lispium Lorium",
                                        "orderedDate": "2015-07-21T00:00:00.000Z"
                                    },
                                    {
                                        "requirementName": "Lispium Lorium22",
                                        "requirementStatus": "Lispium Lorium",
                                        "orderedDate": "2015-07-21T00:00:00.000Z"
                                    },
                                    {
                                        "requirementName": "Lispium Lorium33",
                                        "requirementStatus": "Lispium Lorium",
                                        "orderedDate": "2015-07-21T00:00:00.000Z"
                                    }
                                ]
                            }
                        },
                        {
                            "proposalDetails": {
                                "proposalNumber": "1231314",
                                "proposalReceivedDate": "2012-18-13T00:00:00.000Z",
                                "planType": "Life insurance",
                                "status": "Other Status",                                
                                "mobNo": [
                                    "9867543211",
                                    "9876543252",
                                    "9875642303"
                                ],
                                "proposerName": "Riya Jacob",
                                "emailID": "riya123@xyz.com",
                                "phoneNo": [
                                    "0022997719",
                                    "0022889968"
                                ],
                                "preferredMailingAddress": "Lorem ipsum dolor,sit amet,consecteiur adipiscing alit,0022722",
                                "planName": "Cognizant Life Partner",
                                "premiumAmount": "5,000.00",
                                "grossAmount": "15,000.00",
                                "lastUpdateDate": "2013-07-21T00:00:00.000Z",
                                "policyIssuedDate": "2015-07-21T00:00:00.000Z"
                            },
                            "proposalInfo": {
                                "riderDetails": "Lorem Ipsum",
                                "sumAssured": "2,00,000",
                                "modalPremium": "18,000",
                                "lifeInsuredName": "Priya Jacob",
                                "caseStatus": "Lorem Ipsum",
                                "workItem": "Lorem Ipsum",
                                "requirementName": "Lorem Ipsum",
                                "requirementStatus": "Lorem Ipsum",
                                "orderedDate": "2015-07-21T00:00:00.000Z",
                                "actionable": "Lorem Ipsum",
                                "pendingRequirements": [
                                    {
                                        "requirementName": "Lispium Loriuma",
                                        "requirementStatus": "Lispium Lorium",
                                        "orderedDate": "20155-07-21T00:00:00.000Z"
                                    },
                                    {
                                        "requirementName": "Lispium Loriumb",
                                        "requirementStatus": "Lispium Lorium",
                                        "orderedDate": "2015-07-21T00:00:00.000Z"
                                    },
                                    {
                                        "requirementName": "Lispium Loriumc",
                                        "requirementStatus": "Lispium Lorium",
                                        "orderedDate": "2015-07-21T00:00:00.000Z"
                                    }
                                ]
                            }
                        }
                    ]
                }
            ]
        }
    }
}